factor,mean_ic,ic_tstat,ic_ir,mean_autocorr,avg_decile_spread,avg_decile_0,avg_decile_1,avg_decile_2,avg_decile_3,avg_decile_4,avg_decile_5,avg_decile_6,avg_decile_7,avg_decile_8,avg_decile_9,ls_return_mean,ls_return_std,ls_sharpe,ls_max_drawdown,ff_alpha,ff_t_alpha,ff_p_alpha,ff_beta_mktrf,ff_t_mktrf,ff_p_mktrf,ff_beta_smb,ff_t_smb,ff_p_smb,ff_beta_hml,ff_t_hml,ff_p_hml,ff_beta_umd,ff_t_umd,ff_p_umd,ic_hit_rate,recent_ic_mean_60d,ls_sharpe_last_yr,ls_max_drawdown_last_yr,ic_mean_12m,dq_total_dates,dq_total_tickers,dq_non_null_obs,dq_pct_non_null,dq_mean_coverage,dq_median_coverage,dq_min_coverage,dq_pct_allnan_dates
earnings_yield_pe_inv,-0.004638292087813215,-4.990997946609547,-0.061858145662490996,1.0,0.00976591305918083,0.0008679700541678904,0.0007942981773777436,0.0007690808804170744,0.0007283499783124071,0.0006379776150402875,0.0006538642373963358,0.0006548741942284446,0.0007176598594626155,0.0006553627935402128,0.0005801204194057993,-0.00028706648743179994,0.005495325280945871,-0.8292574106055426,-0.8717256016366337,-0.0002851054790941046,-4.181677755817281,2.93173539553937e-05,-0.003422509211375478,-0.5943966192060856,0.5522675821692267,-0.01137677348641304,-1.0566673655325503,0.29070274226763315,0.02865045933520491,3.0897434002195308,0.0020117679469811023,-0.003330357479834367,-0.4762253188680095,0.6339298895948335,0.4706605222734255,-0.01805381906431066,-2.8159789632636296,-0.24023349170301256,,,,,,,,,
industry_co_momentum,0.0010417514313850347,0.6581243871787802,0.008333359393893305,-0.0009918962229331328,0.011393666752051652,0.0006779893667206784,0.0004975143451917626,0.000584648213444955,0.0006264076079158442,0.0006117879665518613,0.0007637894997565961,0.0011778698406592287,0.0014633788380538023,-0.004602905187888958,,-5.045621268557616e-06,0.008750852859774795,-0.009153022659849807,-0.5454036373775568,2.680275176608699e-06,0.024349686608487704,0.9805744619002743,0.0212000379836928,2.228182924430694,0.025903939363316475,-0.012172122589712082,-0.6761608645783888,0.49896366089864275,0.012547868165442988,0.8214697838154799,0.41141021824247503,0.02164818014306569,1.8623123257105538,0.06260620364632019,0.5032868366201699,-0.011799386870614088,-0.8228849554634611,-0.2292913731794437,-0.007814196155515629,6248.0,688.0,4298624.0,1.0,1.0,1.0,1.0,0.0
momentum_12m,0.010489772491849816,5.182124199205676,0.06561754011410206,0.992425261535035,0.014020930797134299,0.0010029844381435557,0.0006477996636748216,0.0006300749397941582,0.0006435987459764709,0.0006182952026328626,0.0006063406025559389,0.0005628187066608905,0.00062646790759743,0.0006193604402169162,0.0008185618234868787,-0.00018410697482786322,0.014405563142435702,-0.20288048382866425,-0.9172728115855876,-0.00017699968098044627,-0.977738499760118,0.328241706377989,-0.04712775349496205,-3.011807301240164,0.002607416015435904,0.01983368510580592,0.6699206544368167,0.5029332449541002,-0.008690052003648094,-0.3459236562892738,0.7294117910567954,0.13585452253560273,7.106266098721858,1.325606291402437e-12,0.5385602052268719,0.04396542703087532,-0.5747597127065099,-0.24287074540656295,0.0240580329583367,6248.0,688.0,4298624.0,1.0,1.0,1.0,1.0,0.0
residual_momentum_12m,0.01129124868767949,6.00915032609393,0.07759072999222291,0.9921432794575249,0.013140673338337136,0.000772573528707149,0.0006449572981373386,0.0005668610664044546,0.0006158560449346233,0.0006545205995751293,0.0006742330727497388,0.0006259345931528712,0.0005829573565808721,0.0006746546336460371,0.001053037376245405,0.0002792410764992261,0.012487891758263963,0.3549690172940553,-0.7462236851281956,0.0002931523428616892,1.8337011218398696,0.06674804273258195,-0.02217222455262674,-1.6082886848386126,0.10782475677856262,-0.009727707293811488,-0.37175122658001686,0.710091252007123,-0.04667956325873532,-2.046188409444194,0.040781479113821906,0.11183939352023874,6.421370806027705,1.4544832005469743e-10,0.5436812270756919,0.04279671595014809,0.3229348467299529,-0.1481054976329238,0.024096504475097306,6009.0,688.0,4134192.0,1.0,1.0,1.0,1.0,0.0
volume_inclusive_icm,-0.0014591635062578918,-0.9028285309180696,-0.01143187331418125,-0.000609349428707931,0.01197540389938682,0.0006995048996940487,0.0007116866327624654,0.0006325800264648993,0.0003832676470385131,0.0008709020053760429,0.0010033814521983359,0.0016541210950349807,0.0011072930446251609,,,-0.00013975369607437045,0.009736716780375602,-0.22785105058830177,-0.7099085741866342,-0.0001372287538114797,-1.1111127520327782,0.2665627741716108,-0.005259389466546611,-0.49266142137133717,0.6222692334884807,-0.052397688402270035,-2.5941486686041615,0.009504791038630778,-0.014443801627083239,-0.8427566381001783,0.39939697355444137,-0.021375161165446924,-1.638851273621104,0.10129482094549247,0.489337822671156,-0.003833323670754608,-0.6171014861814759,-0.25140681913105634,0.006596797435522501,6248.0,688.0,4298624.0,1.0,1.0,1.0,1.0,0.0
composite_momentum,0.010793650291605799,5.3679636260915835,0.06797069213819615,0.9878933670522736,0.013948340970928168,0.0009730274819922038,0.000670732279307869,0.0005904396204830732,0.0006147932696246619,0.0005987684039519533,0.0005869010731139119,0.0005763613845909418,0.0006522607853474559,0.0005838091093841697,0.0009300836183686599,-4.5363688267472074e-05,0.014465390252702019,-0.04978270296688497,-0.8638860369718862,-3.4693656175313075e-05,-0.19068579383318857,0.8487779935554807,-0.029414450487838265,-1.87037728365461,0.06147838000699246,-0.019989650814192926,-0.6718049475858898,0.5017328331831292,-0.012910212149283092,-0.5113394527354231,0.609131537055269,0.13553932433514757,7.054247905545412,1.9235724124655462e-12,0.541285874619208,0.04136793753543219,-0.41043990229679816,-0.20490361332699358,0.023944555995907644,6248.0,688.0,4298624.0,1.0,1.0,1.0,1.0,0.0
industry_co_reversal,0.0016850216116731519,1.0766998830515588,0.013414803195090084,0.010202156968786187,0.011103681380033462,0.0006766710518417946,0.0006296267216335274,0.0006232039283010394,0.0007366247047290838,0.0009424481000441157,-9.193796393015814e-05,0.0014845480143076276,0.005273744012830494,0.004683793062470169,,7.947051050877486e-05,0.00923018503363714,0.13667713481581922,-0.5327022569981517,0.00010251362701821851,0.8950244146346875,0.3708075700787774,-0.005878010474072528,-0.6039430342540183,0.545902842186607,0.01635198150503468,0.8814525105055054,0.3781059247215899,0.010589576508214738,0.6804804165306095,0.4962248414273167,0.0005183566356085916,0.04370113260449242,0.9651439946211395,0.5097795715616268,-0.012584219289896104,-0.40856709900660915,-0.22573964430506432,-0.004369711486726394,6453.0,688.0,4439664.0,1.0,1.0,1.0,1.0,0.0
downside_vol_60d,-0.007701166681844735,-3.375282381721544,-0.04192654754494706,0.9955417598874695,0.014982974204179753,0.0005371407409771953,0.0005217450844439327,0.0005280111524278143,0.0005867841314112161,0.000588443124316331,0.0006167893809736747,0.0007482151781745604,0.0007141600701402567,0.0008509075134047066,0.0013464772407638854,0.0008050767378807586,0.016810450735064042,0.7602530836294699,-0.5858196135235708,0.000805050944993592,3.872661518559089,0.00010871576904203373,0.04507061174420657,2.560055593674465,0.0104880789977988,0.08330327983062792,2.523110067996594,0.011655989653746257,-0.04692831908312094,-1.6605754709616563,0.09684724677517131,-0.09830164492808587,-4.606506477139256,4.173411609853517e-06,0.4823329733065885,-0.025978942460274164,1.4023767891862589,-0.23444591165329398,-0.010610739033553154,6492.0,688.0,4466496.0,1.0,1.0,1.0,1.0,0.0
volatility_60d,-0.008328661392974543,-3.6554697786486567,-0.04541043841530281,0.9950520053920383,0.015276539319906898,0.0005245789727928453,0.0005600120915633682,0.0005656079951766297,0.0005551993488760561,0.0006320325621698737,0.0006205120651427774,0.0006300741361291278,0.0007384016334411766,0.0008345051585738482,0.0013828616816079994,0.0008546175009384768,0.016911234122994556,0.8022260316858534,-0.62785523080127,0.0008572734250687533,4.100218309765938,4.1782242785615153e-05,0.040851062024434434,2.307179557538025,0.021076270206688896,0.07188062734961216,2.1646431074800416,0.0304515245454966,-0.06949576628071122,-2.445208547326892,0.014503351974787249,-0.07700465509889083,-3.588060297746706,0.0003356134735097438,0.48487654320987655,-0.024055834907377335,1.7063728933126825,-0.253352090183682,-0.009245935752590553,6491.0,688.0,4465808.0,1.0,1.0,1.0,1.0,0.0
ivol_60d,-0.007893615493145502,-4.268307110237046,-0.05313840084771878,0.9942973569429213,0.01413451089506604,0.0005322822742151017,0.0005420066282214344,0.0005908491561562514,0.0005586998520060409,0.0006095504694027182,0.0006090909613197837,0.0006271965473905324,0.0006574944497036514,0.0008640833642285501,0.0013648880946045179,0.000830783980718373,0.014931451482395691,0.8832555128837725,-0.5179214053077941,0.0008269388477106602,4.48344026428082,7.4723395235842816e-06,0.05912131845324064,3.774753385655691,0.0001616073758474723,0.05696276606956936,1.919334730063076,0.05498616641254883,-0.05262618124740195,-2.0995849857064592,0.0358042153747109,-0.08888345833277539,-4.6774214031679815,2.964403741589905e-06,0.48078115313081216,-0.020189894104408437,1.7132280767802675,-0.20877996115686337,-0.013609721196856633,6463.0,688.0,4446544.0,1.0,1.0,1.0,1.0,0.0
mean_reversion_5d,0.007167423454780053,4.828133470956319,0.059862605710020216,0.7433202669336996,0.012669358622774725,0.0005483989291231726,0.0005386426385526549,0.0004067784850249605,0.0005559641396742965,0.0005965335422159541,0.0006356549899156081,0.0006877067510536802,0.0007582855191264671,0.0008708803400283382,0.0013709454565435566,0.0008172985066568095,0.01230107970850081,1.0547213643485562,-0.47866932700711706,0.000829765766747113,5.458522197235791,4.9789701694891164e-08,-0.016697857580920007,-1.2985678456756622,0.19413843852059154,-0.002844821061312359,-0.11852270358574608,0.9056571767776691,-0.03384489070949082,-1.6364777711298384,0.10178814353924248,-0.07378423503016923,-4.730649259645353,2.285411254243641e-06,0.5168332052267487,-0.018422391062048127,0.2315329960500891,-0.1738017412777788,0.00045688830349777397,6511.0,688.0,4479568.0,1.0,1.0,1.0,1.0,0.0
high52w_proximity,0.007046151042232451,3.4398609401294085,0.04304873908664863,0.9826367817318273,0.014619952823711913,0.001271055307705269,0.0008145105371308365,0.0007782502250886292,0.0006508771333716349,0.0006711230347022201,0.0006492097965919489,0.0005584973589332066,0.0005739135624988843,0.0005612232663818198,0.00038790343324267214,-0.0008902441540959312,0.0157824319416915,-0.8954379071243916,-0.998720362495646,-0.0008935355972035464,-4.55973941661426,5.217546913183213e-06,-0.03526073675576074,-2.095745572775078,0.0361441537597178,-0.08040937414613883,-2.510067429665208,0.012095416192303698,0.0032839233459699374,0.12335322720283308,0.9018312869231524,0.1623364505043686,7.9178570234021874,2.886579864025407e-15,0.5375097885669538,0.04546253761233766,-0.8500189131879712,-0.32323050942705633,0.022182492522405364,6387.0,688.0,4394256.0,1.0,1.0,1.0,1.0,0.0
dollar_volume_20d,-0.0042881202628469286,-3.9726670656985594,-0.04927108057316123,0.9991780113064902,0.011641267450839536,0.0010646333396004963,0.0008544066955060495,0.0008658147696034199,0.0007868963886497164,0.000663592325253253,0.0006534976113696763,0.0006986188753594568,0.0005486028683711098,0.00046783864898140463,0.00034845330099938956,-0.0007155591044095619,0.007145585155782167,-1.5896736774066793,-0.9926880175910608,-0.0007021682899888855,-8.066637521404163,8.881784197001252e-16,-0.023488520043465327,-3.1894775318578907,0.0014320878134521653,-0.0021928908073907,-0.15958361882253533,0.8732140552403471,0.03747213573866646,3.1646474510146168,0.0015598918442070175,0.010228682161935653,1.1453368275015616,0.2521119341819982,0.47285033071835103,0.03171229224286002,0.1612001238768035,-0.11303610294651811,0.018954661532475717,6512.0,688.0,4480256.0,1.0,1.0,1.0,1.0,0.0
amihud_illiq_20d,0.0014398770475195426,1.0319981308151895,0.012800361425222126,0.9954301675934225,0.015214108072453793,0.0005633397111759365,0.0006378938544235317,0.0007273871595584046,0.0006803842231767608,0.0005838938545218197,0.0005535001534090886,0.0005444062647225808,0.0006004764902532656,0.0007538501020758787,0.001306560905966385,0.0007426121304924475,0.009698050350268755,1.2155641269536699,-0.3396135913901551,0.000737325684135686,6.16407780678948,7.515521538437042e-10,0.004663735372814816,0.46086990839480274,0.644907404057455,0.002134184728080458,0.11289941491567583,0.9101137963220363,-0.006922458595445371,-0.4254651152623502,0.6705117713487196,0.00040155679062081574,0.032719363541024865,0.9738993896797541,0.5012307692307693,-0.00971399563535936,2.1415633270227117,-0.09817345695109181,-0.004858682944914978,6511.0,688.0,4479568.0,1.0,1.0,1.0,1.0,0.0
amihud_illiq_log_20d,0.0014037038910602957,1.0471819893574028,0.01299869685796696,0.9946833402810025,0.01474831719716144,0.0006743653070041672,0.0006528447512141812,0.0006085646812845278,0.000603836259969657,0.0006032992338816041,0.0005612113826090236,0.000597689069143279,0.0005981576951047646,0.0008084069948378314,0.0013059728630603958,0.0006283840694452294,0.009495196077651731,1.0505615441685445,-0.3087952479717807,0.0006237415678904176,5.3279703818777815,1.0266848304851806e-07,-0.0025191593855514193,-0.2541150914021452,0.7994147173871191,0.01833488712643815,0.9882517786926329,0.323066299434148,0.027415590421960047,1.7224977264955432,0.08502716766299478,-0.01903408335967253,-1.5840190408305694,0.11323824487957257,0.5024653312788906,-0.013013240105012066,1.8625450570203337,-0.09824720852581015,-0.003067991092647844,6492.0,688.0,4466496.0,1.0,1.0,1.0,1.0,0.0
amihud_illiq_252d,0.0018345373775138466,1.3277901852598517,0.01661816301871548,0.9992265583780356,0.014860626742335204,0.0006493060493377119,0.0005814848669573741,0.0007321784599503625,0.0006403199820535191,0.0005040528095262497,0.00048793696278163123,0.0006372414961139347,0.0006674407476411753,0.0007157776909367145,0.00130233286223265,0.0006488142421820577,0.009528939575239028,1.0808764931311874,-0.3274570177327434,0.0006461702210592289,5.451266113863899,5.189078100542588e-08,-0.010792709045778441,-1.060495266195612,0.28895957495218494,-0.028145421859756076,-1.4524037418457316,0.14643866049045529,-0.00987554247101596,-0.6132749004618513,0.539716496457944,0.00202862292876009,0.16358640628852456,0.8700619396495639,0.5117481203007519,-0.004936130540269403,1.2634151322223126,-0.09567446339041441,-0.006889479178321733,6395.0,688.0,4399760.0,1.0,1.0,1.0,1.0,0.0
efficiency_ratio_252d,0.01109957021132581,5.664555579058738,0.07160577720783057,0.9924811597528359,0.012284539290715955,0.0007893870156950106,0.0006741925794659018,0.0007277854209540698,0.0007491648303852372,0.0007046642505674918,0.0005845435171779727,0.0006973043363253279,0.0006298125648334434,0.0005694389730906662,0.0006808459626300261,-0.00011018481432411044,0.011578707385993942,-0.15106433243665504,-0.8381880996207388,-0.0001000554680291825,-0.6918499431412158,0.4890573096503039,-0.031390384208306754,-2.5112816238585576,0.01205443152364638,-0.03925782005923445,-1.6597373593844487,0.09701754904059623,0.003776163791296947,0.18990337442007366,0.8493910251392522,0.13561427666664708,8.968493113056402,0.0,0.5437839565356344,0.04497183024532069,0.04383435573194975,-0.15717298523124867,0.024891299976869778,6260.0,688.0,4306880.0,1.0,1.0,1.0,1.0,0.0
size_log_mktcap,0.002629894522767027,1.5083661347086994,0.021192109070144776,0.9994939295785117,0.011133708492471622,0.001225146603267914,0.0009054331940610996,0.0007214220996087807,0.0006148246604028475,0.0005303520633844746,0.0005452290135453259,0.0005191196759411577,0.000567333453118048,0.0004938017295824627,0.0004974112190951972,-0.0007291181660438522,0.010764145194179982,-1.0752727553923462,-0.9829780656385083,-0.000717059673611107,-4.791381050001314,1.703839852540412e-06,-0.022510793985965154,-1.7725258962869628,0.07636759924823555,-0.029474694145691278,-1.213819756701427,0.22487334645098445,0.017712132522468095,0.8618723990144218,0.3887986778628192,0.06134531428021292,3.8475274278191858,0.00012078824745187511,0.5100671140939598,0.03835954945353795,-0.8302564187656954,-0.3146538046660605,0.027233377959631672,5068.0,688.0,3486784.0,1.0,1.0,1.0,1.0,0.0
profitability_roe,0.006697312214575362,5.236788434534525,0.0780567603311009,0.9985024825373779,0.01067684827791103,0.0009624115610122731,0.0005901331638044986,0.0005518647093828693,0.000613780026605409,0.0006049812990392872,0.0006126236555124214,0.0006221642630747009,0.000687735964049028,0.000643053210218469,0.0007645264707350764,-0.00019768911639728062,0.008099964854503525,-0.38743593209580496,-0.7550304416794449,-0.00017028745934172498,-1.4331418191803185,0.15188704488829585,-0.022421072919687302,-2.293892098426191,0.021842735266272895,-0.0104624871717574,-0.5590814511683626,0.5761340598954292,0.02943350112837714,1.8981579871118825,0.05773944269276354,0.05137121411243876,4.210666218329857,2.5961148826914027e-05,0.5323261497445012,0.0044052933630719235,-0.9691034128098334,-0.2169372291982642,0.0033879752988055286,4512.0,688.0,3104256.0,1.0,1.0,1.0,1.0,0.0
residual_vol_252d,-0.0065868513207814686,-3.321800723986337,-0.041984250907469656,0.9992049776665244,0.013952127847667811,0.0005337494266842121,0.0005202144708073841,0.000519979798430642,0.0005334303223874337,0.0005919095354115523,0.0005865881638940695,0.0005721567637606854,0.000687078069596187,0.000824879391157727,0.0014461618896126037,0.0009131828579493429,0.014564793538022326,0.9952992758959136,-0.46440479020792835,0.0009032189981979007,4.943946375749816,7.855685144608771e-07,0.05826899359197446,3.693185987444264,0.00022335390548167133,0.029661683381934843,0.9925335623172452,0.3209757886141549,-0.0354730928345275,-1.412661068751171,0.15780526018414864,-0.08939768861323241,-4.679946158732627,2.9300760011619076e-06,0.48753993610223645,-0.0250621885608044,1.1334662622051133,-0.27996149983055507,-0.014192235133056966,6271.0,688.0,4314448.0,1.0,1.0,1.0,1.0,0.0
earnings_yield,0.0020436653054816296,1.5901379378357114,0.022340979315143155,0.9977894233871332,0.012156622874771393,0.0011484429148534514,0.0007029176137923548,0.0005921261355335842,0.0005203101927841475,0.0005885120675228496,0.0006440456365703627,0.0005751679930324236,0.0005557539836985794,0.0006061356085065835,0.0006865714514720187,-0.00046124616623221393,0.008651400361412659,-0.8463434343938722,-0.9358376722480126,-0.000447471414798732,-3.746393761947387,0.00018139643935310978,-0.039000801174861224,-3.8478489645472562,0.00012063033459464023,0.002881767559335423,0.14869848906687008,0.8817974930776276,-0.0030046186917927855,-0.183191026988454,0.8546554916791842,0.05439868103217853,4.274953658505839,1.947026096882354e-05,0.5003947887879984,0.02174597661949128,-0.26041246555639,-0.30962280742358617,0.010410433440040173,5077.0,688.0,3492976.0,1.0,1.0,1.0,1.0,0.0
dividend_yield_ttm,0.0016203354665902821,1.5425824990336952,0.01912455640261598,0.9971012548724769,0.012497246632671943,0.0007861905496574206,0.0007511459795778926,0.0006622581810856945,0.0006903348490027058,0.0006281816902345055,0.0006549196322452602,0.000693987322687985,0.0006099732806937495,0.0006185497203067627,0.0008295943704861586,2.684867492159427e-05,0.007009186822357647,0.06080726795374077,-0.5804564825932308,2.7175019791175382e-05,0.3132766310701322,0.7540805730376634,0.007065185014833214,0.9630091424578855,0.33557882518623483,-0.06842910272415423,-4.996067670498076,6.004256927205631e-07,0.042630453939863214,3.612259397855488,0.00030583589774368924,-0.014843256878521017,-1.668041422419036,0.09535576028856374,0.4935444205348909,-0.014760026016671387,-0.8212868901935675,-0.1531176976954186,-0.00620422032070376,6508.0,688.0,4477504.0,1.0,1.0,1.0,1.0,0.0
cashflow_yield,-0.0008239855328032933,-0.5376989280714625,-0.008014651896567334,0.9986280009295768,0.012224174672659576,0.0008652312012670892,0.0006706658051971029,0.0006392068821647979,0.0005789012531704043,0.0005282862671847353,0.0006073285388308922,0.0005856511077063376,0.0005947302314942989,0.0006971305573138137,0.000887711083700345,1.993060676543675e-05,0.008866740816269078,0.03568262346174359,-0.6598248394553333,1.9316511401080848e-05,0.14602594788157566,0.8839074699505425,0.00011399974036163949,0.01047647769700215,0.9916415992646075,-0.0018655387499073358,-0.08954457012966201,0.928653134033937,0.06137678012404902,3.5554073797676695,0.000381289210292568,-0.019632515559833422,-1.4454456704889944,0.1484026410153898,0.49233503665852035,-0.008715714303103249,-0.5389282191808525,-0.14990988425718,-0.006965339868252184,4512.0,688.0,3104256.0,1.0,1.0,1.0,1.0,0.0
free_cashflow_yield,0.0005374060220891851,0.40833176858332326,0.0060863743865788,0.9983828290729415,0.012106230446863302,0.0010178308061189459,0.0006385643923823737,0.0006559580345529768,0.0006035696073202946,0.0005436538116477819,0.0005915037399886683,0.000594702423603141,0.0006140178342440315,0.0005834279929771305,0.0008118539922459235,-0.00020708265940623318,0.0074612994509859155,-0.4405848240419197,-0.7455075401278406,-0.00020361600723338636,-1.8290823454930725,0.06745366694344379,-0.023671454010869935,-2.5849751195327437,0.00976990182163795,-0.0013699046799285992,-0.07813494890921495,0.9377241940354715,0.028094427152820116,1.9338618729772197,0.053192982264347544,0.01563875306738928,1.3681948338305816,0.1713196664682295,0.49922239502332816,-0.005607396923733669,-1.3594442767496029,-0.2676696077626781,-0.003517128860859891,4512.0,688.0,3104256.0,1.0,1.0,1.0,1.0,0.0
beta_252d,-0.006072684766562469,-2.202478398675791,-0.027654403926681198,0.9988866733132835,0.01591911897315848,0.0006827993170988789,0.0005661185253616746,0.0006027279353538137,0.0005731089829193304,0.0006002769229048085,0.0005686127284049679,0.0007333261736491864,0.0007168230938207914,0.0008350164087779253,0.0009524396341828574,0.00026624544630940683,0.018180521757176743,0.23247492499274,-0.7927679971879683,0.0003199166391305301,1.4021637314856823,0.1609154339214065,-0.04669753161429556,-2.3844274919656634,0.017135018932447954,0.04154849075875256,1.1139480504887755,0.2653438021756842,-0.053605917095846015,-1.7304022441460813,0.08360720893819495,-0.09540070628464782,-4.003230893707287,6.319797078457867e-05,0.4912501970676336,-0.003594722672205099,0.9411464829717721,-0.30534901444341855,0.0037067140637546563,6354.0,688.0,4371552.0,1.0,1.0,1.0,1.0,0.0
downside_beta_252d,-0.002267638735297013,-0.9368807473625406,-0.011906081212077469,0.9974032327254879,0.014091812245108365,0.0005712580691905697,0.0005461664603924158,0.0005636977072701879,0.000596586227574047,0.000611204081148164,0.0007078750991488051,0.000660850930909396,0.0007289538535994873,0.0008121307120184201,0.001159170854260824,0.0005855860726663977,0.015740665718723196,0.5905652837752884,-0.5271530265656303,0.000607724517896925,3.0365432739272356,0.0024030644775476784,-0.010734382902254815,-0.6197001465179691,0.5354780876687855,0.04614136369283151,1.4094488836248924,0.15875284469400963,-0.056963146215816676,-2.0147045937903485,0.04397888391476812,-0.07206561534129029,-3.3534259495394325,0.0008029822070079184,0.5048449612403101,0.004287508718979873,1.7177728503450747,-0.25385396494804535,0.01003006144072043,6203.0,688.0,4267664.0,1.0,1.0,1.0,1.0,0.0
gross_profitability,0.008900881175118471,6.60904348260561,0.09285515440172376,0.9987131733541008,0.011021405676954447,0.0007005955560580911,0.000582786945088846,0.0005910431581315529,0.0005967774474967328,0.0005294778715175853,0.0006743361592741004,0.0006656783725615099,0.0006973033611497945,0.0007517729293010964,0.0008327939304113093,0.0001315909458398289,0.007828462733293361,0.2668392986014692,-0.4031675998581987,0.00016334677373290804,1.5162548176124555,0.12951754617432187,-0.06526332865102975,-7.138832905315446,1.0749179324420766e-12,-0.013700477777418266,-0.7837847843353817,0.43320317663402674,0.002933156178202913,0.19827297759858775,0.8428394767665637,0.034069008593770454,2.9683564097237753,0.003008036951791304,0.5382945124358468,0.00022846915805810724,-0.8784072896770673,-0.2552804340671816,0.0026358006315284903,5077.0,688.0,3492976.0,1.0,1.0,1.0,1.0,0.0
rd_intensity,-0.0013443086968808512,-1.1528546628827183,-0.01718383342045918,0.9995804538347737,0.016751231928376957,0.000585755791324181,0.0006974278624403458,0.0006396338817445217,0.0006187585039372542,0.0006343689182774931,0.0006381513137659246,0.0005592262230550214,0.0006208660676746828,0.0006322546233536773,0.0009468771263538665,0.00031595165098367194,0.008132736482812644,0.6167145559847076,-0.2995360374399332,0.00034606769211148507,2.8604448942696954,0.004250034579917905,-0.04782346213649451,-4.805334601026908,1.5954227805536902e-06,0.048984590620429085,2.570784389201058,0.010178826941938723,-0.02289033285608344,-1.4498015705131326,0.14718381382159196,-0.013021374642077312,-1.0482233898989528,0.2945922045612748,0.491224172406132,0.005123330468973949,2.054335193564787,-0.13849821760961467,0.004883603910879605,4512.0,688.0,3104256.0,1.0,1.0,1.0,1.0,0.0
accruals,-0.0022487399784485206,-2.8594471369382752,-0.04262138572861457,0.998287504779814,0.009821746581962148,0.0010645880455860369,0.0007069381656336049,0.0006704534171939989,0.0006202735932544547,0.0005708651876604776,0.0006115789670494508,0.0005816377389291922,0.0005528897132932993,0.0005855524525453174,0.0006893947947491022,-0.00037345796055416263,0.006716891267070988,-0.8826198157540383,-0.8405335358852953,-0.0003771903597453512,-3.917229096982173,9.090570542524823e-05,0.03759686815220954,4.746572819131777,2.1333765682918227e-06,-0.003280731214688072,-0.216332953872518,0.8287380666001414,0.022856722233931225,1.8189311766271659,0.06898861636194842,0.02012037511702062,2.0350680854608796,0.04190273361850805,0.48433681404132417,0.0039487483911467645,-0.6368105726189196,-0.1990165006259178,0.003571755902375839,4512.0,688.0,3104256.0,1.0,1.0,1.0,1.0,0.0
net_issuance,-0.0030385582354390517,-2.715137919704201,-0.04047038991810496,0.9983713923913861,0.01030755923702329,0.0006982392311043671,0.0006373647935493288,0.0006109114796928894,0.0006073618135231965,0.0006169488700639089,0.0006731220562684324,0.000598234448953164,0.0006294140365440617,0.0006776143384237274,0.0009073033072680553,0.00020853332003405568,0.007496654865697074,0.4415787959549763,-0.44729626205832695,0.00023031581424964637,2.0915212488153756,0.03653750409380341,0.01776102844369388,1.9607251663496252,0.04997292165813727,0.015908769788005567,0.9172944410860706,0.3590377139958143,-0.016258928089870308,-1.1313952767109288,0.2579492766536293,-0.012726920487210658,-1.1256058354075829,0.26039265271206236,0.48655854254610087,-0.00781385754921183,0.02661418607208832,-0.14725067901679922,-0.003683272870292175,4512.0,688.0,3104256.0,1.0,1.0,1.0,1.0,0.0
net_buyback_yield,0.0027528346514012554,2.324129438952644,0.03464222717084191,0.9971934972275112,0.010719529428422546,0.0008604525501661782,0.0006693223878480368,0.0006421481271927501,0.00064559391447278,0.0007142602051468993,0.0006505901158408051,0.0005967132383500457,0.0005756369354285798,0.0006046493332065514,0.0006954259416515383,-0.00016135150770031642,0.007308021957172416,-0.35048824336499373,-0.6386496116976258,-0.00015948722579524235,-1.4664451810471224,0.14259718491037465,-0.02039815573023452,-2.2800319004690515,0.022652551175835978,0.007309070612397696,0.42671285732630404,0.6696089746001115,0.0628923840444241,4.431205750211197,9.5943919642405e-06,0.0006509876667521923,0.058295787409514445,0.9535156211662672,0.5134414574538991,0.005854721632281182,-0.784893592117549,-0.1963785043710755,0.004047110745427473,4512.0,688.0,3104256.0,1.0,1.0,1.0,1.0,0.0
investment_to_assets,0.0004158448586040973,0.42984468795087266,0.006407034426999998,0.9954428747543469,0.010892604380129968,0.000781667977757271,0.0007638761888797846,0.0006783003456772727,0.0006215192208508679,0.0006438498069113414,0.0006163996224279269,0.00064786120071554,0.0006015957595273401,0.0006309873566059312,0.000660057443759042,-0.00012217966633283007,0.006304792391753552,-0.3076298082154092,-0.5897031545809637,-0.00013080416837984578,-1.3886027413150575,0.16502256947270455,0.02338166122459264,3.0174625540901165,0.002563327284018424,0.008844179340238931,0.5961391130000223,0.5511123945364869,0.003462505815031364,0.28166369659056956,0.7782143942101987,0.010303115405882555,1.0652449443619285,0.2868224685152436,0.5043323705843146,0.0044810443513341345,-0.6429029482613604,-0.07496020378765611,0.0009609745965238526,4512.0,688.0,3104256.0,1.0,1.0,1.0,1.0,0.0
piotroski_fscore,0.010722340126393913,11.409346083944637,0.16029802119409078,0.9935558561185887,0.011443654608555278,0.0006007098613633089,0.0005674952611277123,0.0006121580659435092,0.0006385071103453347,0.0006832925202975817,0.0006690634865595878,0.0007062875936937695,0.0007428838298221968,0.0006486204410966578,0.0007943545860258466,0.000164029072478823,0.007097543653736416,0.3668706989932421,-0.4023628449488488,0.00017206108666445864,1.7469042125522813,0.08071476895578655,-0.030964538604362244,-3.704651906692218,0.0002139451888412136,-0.012214236887846841,-0.7642795730924485,0.4447363782693228,-1.78609673079218e-05,-0.0013205599274508494,0.9989463981090398,0.021450859045935734,2.0442124866379827,0.04098433881214558,0.5704697986577181,0.027399605562484598,-0.10864162613287091,-0.20126176888511682,0.017533207987306593,5077.0,688.0,3492976.0,1.0,1.0,1.0,1.0,0.0
atr_14d,0.0042242756130906915,3.4915276626263236,0.04332040210026707,0.9996669743911643,0.011530396416550247,0.000979556974539377,0.0009184693596275639,0.0006696223813496168,0.0007161109492551282,0.0006818054932143788,0.0006695135295003132,0.0006238254497117439,0.0005764045134500344,0.0005505073205172367,0.0006136509360512413,-0.0003677615737177455,0.00887050361983338,-0.6581400837134288,-0.9406115825245605,-0.00035017913461635885,-3.22269010369113,0.0012762151830769675,-0.043435589215028346,-4.723581819376326,2.366111318874431e-06,-0.010884051818057705,-0.6330898443608189,0.5266973216885997,-0.007365010312701404,-0.49842615045832206,0.6182006306934387,0.028785640450805845,2.5815295938899974,0.009858125439518695,0.5172413793103449,0.027733622581370996,-1.7561717029642603,-0.33059371178590646,0.009728689581909386,6498.0,688.0,4470624.0,1.0,1.0,1.0,1.0,0.0
obv,0.0025268637663899292,3.028282799074188,0.03753524837215397,0.9978365685271361,0.010559053982041301,0.0007463935538340458,0.0007284888378107003,0.0007719456236281578,0.0007758522086561571,0.0007271452837567014,0.0008154562603591636,0.000633460152848441,0.00065335954342261,0.0005572126167709561,0.0006047537120843709,-0.00014484287959075086,0.006773960238975322,-0.3394335588544004,-0.7342398548086453,-0.00015306057978006405,-1.826920679761505,0.06775759420132066,-0.005211700533568344,-0.7358320283880522,0.46185951520024826,-0.0018964079473899414,-0.14334547189378255,0.8860217947813751,-0.012004768003882027,-1.0533378438274015,0.2922253881834387,0.05658201208081135,6.582988054853543,4.971489886429481e-11,0.520356429559072,0.020220724927781396,-0.0977807756627582,-0.10635921344820831,0.009392146250222675,6520.0,688.0,4485760.0,1.0,1.0,1.0,1.0,0.0
hurst_252d,-0.0003431449473224458,-0.340577470097849,-0.004305247623660093,0.9803210949783168,0.009571637716600143,0.0005833640454020193,0.0006190588031897858,0.0006173884839443211,0.0006059182563242101,0.0007341465166539229,0.0007252231180978939,0.0005844443817462985,0.0007197062257573994,0.0007878587719977347,0.0008346481352484794,0.0002479021510622817,0.007619773812515863,0.516462134436145,-0.36427834539186277,0.00024251844126735775,2.5227215150348656,0.011669713568765117,0.04198920668971687,5.053472631051465,4.461988034609732e-07,0.006130812468248341,0.38992823389857667,0.6966029238262275,-0.005081307573095522,-0.38442427415074,0.7006771118157662,-0.02752909630910966,-2.738794728707907,0.006183992175793129,0.4971236816874401,0.014710362423016116,1.0593836746774596,-0.07358816718797845,0.005974204274483949,6269.0,688.0,4313072.0,1.0,1.0,1.0,1.0,0.0
vwap_dev_21d,-0.00520529273581245,-3.3533129031237663,-0.04162475896320842,0.8974229482622168,0.013022303302482963,0.001279492053732617,0.000834164748731788,0.0007034086169607357,0.0006747373652554042,0.0006323179530876743,0.0006809974893584078,0.0005930912123016258,0.000511155773343374,0.0004960761386825447,0.0006071724483724184,-0.0006731854809813105,0.013026206603272101,-0.8203837493788344,-0.9951103173682495,-0.0006844657537994491,-4.248819672240677,2.1791461397135947e-05,0.008971646834916093,0.6576675932638748,0.5107751396907005,-0.018974747782069853,-0.7432327477818539,0.4573677577182955,0.035264876486796125,1.6101371941735274,0.1074166767712601,0.09854261906333334,5.95952975807894,2.662677633935573e-09,0.5040061633281973,0.02820749306884127,-0.22841522836760955,-0.21974002043278018,-0.00047025843464923233,6492.0,688.0,4466496.0,1.0,1.0,1.0,1.0,0.0
benford_chi2_d1,-0.001160591758825594,-1.3983191922307885,-0.01741381009885426,0.9926772786029967,0.008962003038197504,0.0006368610233467884,0.0007197931420915258,0.0007164865674646662,0.0007761233563021651,0.0007412728632035549,0.000720354256609071,0.0006414624114823541,0.0006839159136278606,0.0006199027508874925,0.0006857560681986723,3.5524644920063954e-05,0.005483784557004721,0.10283705520739954,-0.3861470571448773,3.592862502011064e-05,0.5251301462627112,0.5995108263484106,0.010526851147932071,1.8114706758854011,0.07011466270885158,-0.00455995335852209,-0.4135617588465419,0.6792088762928188,-0.0007348872493327084,-0.07903814523239361,0.9370047419365644,-0.004447130165919268,-0.6300746208111988,0.5286681526717989,0.49581265508684863,0.0025498275424076008,0.005983616098019407,-0.0440975451476151,-0.0009765570683379562,6459.0,688.0,4443792.0,1.0,1.0,1.0,1.0,0.0
sue,0.0067511664991354685,9.005661619150844,0.11164138645644137,0.9882468105990686,0.009953134020570492,0.00073231490550299,0.0006912229469046253,0.0006466286098971245,0.0006910815228151083,0.0007037824666232611,0.0007677976466558106,0.0007133697217572633,0.0006684172611128835,0.0006765688577430474,0.0006771480127254552,-6.55340102934592e-05,0.006280293480435301,-0.16564833556907813,-0.6222595139586713,-5.758777242577725e-05,-0.7534790761386905,0.4511894171761044,-0.008747343452307405,-1.3539481207548392,0.175800080780127,-0.030337338334043357,-2.5140253349646065,0.011960192464112174,-0.00017722789797842872,-0.017047470609695924,0.9863992692973136,0.04052678379665125,5.1687408648175905,2.427196938992182e-07,0.5443368679883203,0.01724103529643921,0.3160981432852329,-0.1183301988161779,0.015584837110062175,6518.0,686.0,4471348.0,1.0,1.0,1.0,1.0,0.0
benford_chi2_d2,0.002187915042287716,2.688094573501055,0.03347588210959931,0.9900300053340715,0.010489489743678878,0.0005958468221057262,0.0005708260236971566,0.0007012616937173565,0.00077107512065782,0.0006878003110380224,0.0006932534199549259,0.0006586768623604882,0.0007144228641723735,0.0006748645093428031,0.0006775357327716358,0.00018190807018631753,0.005508907663575003,0.5241876007880123,-0.2899146425609521,0.0001768203495985134,2.572285811459856,0.010125186079655846,0.008789502151886485,1.5054201569079566,0.13226520904659567,0.015021372620804154,1.3559704222899949,0.1751561954084433,0.008404139652149334,0.8996423935127251,0.368344278707295,-0.0044201610739574345,-0.6233197171852771,0.5330965516040176,0.5119416873449132,0.007613733454628366,0.876432149004356,-0.02762395534349571,0.0039017805728494225,6459.0,688.0,4443792.0,1.0,1.0,1.0,1.0,0.0
skewness_60d,-0.0023141140297177677,-2.863817177802361,-0.03557605491498712,0.9752474319973384,0.009783280969194855,0.000632148167821465,0.0007141023789587254,0.0006568635337162771,0.000651965671108981,0.0007441264502702705,0.000710724305660179,0.0006686017103659725,0.0006626955447029693,0.0007639484342078143,0.0008428185305044193,0.0002102022149397342,0.006642742936465273,0.5023311524333198,-0.385853071873441,0.0002107671091190246,2.5498250195084817,0.010800585032609611,0.00628605224311824,0.8979991992551165,0.3692194328249814,-0.007070518485897995,-0.5385743003953217,0.5901991756665401,-0.01671613758759383,-1.48769332423542,0.13688058195612474,0.0033950124203074813,0.40013269579487587,0.6890720098855585,0.4847222222222222,-0.003908823031208441,0.5270882031734705,-0.11707398858980289,8.757086546373164e-05,6491.0,688.0,4465808.0,1.0,1.0,1.0,1.0,0.0
dividend_growth,0.0023385416265974436,1.8778771352896657,0.02422109706526601,0.9978909194604507,0.01200106383083871,0.0007188366087189489,0.0005828844011072811,0.0006421855876651339,0.0006805514151883061,0.0006758401470156563,0.0006713163504965747,0.0005618960254482503,0.0006202145534408495,0.0005422456219756002,0.0006362904656361548,-8.755297086301087e-05,0.006523815919582597,-0.21304407448384757,-0.6423360616103655,-8.113319713915572e-05,-0.962457712820706,0.3358585663704081,-0.011473993023784436,-1.5773434468964633,0.11476929986232931,0.017568830729806112,1.2729147476493927,0.20309767218287877,-0.002441638062012982,-0.2028773846044118,0.8392377583136621,0.016361131221010593,1.7803076745893816,0.07507627093218194,0.5079021793378805,0.0027266628464531636,-0.09680348886159033,-0.06795338642574256,-0.0014866213962977724,6022.0,562.0,3384364.0,1.0,1.0,1.0,1.0,0.0
ev_to_ebitda_inv,0.003938426583095471,3.2263585417363085,0.045329406794904985,0.9949197439980201,0.011295823554075886,0.0008978889876662511,0.0005958108751793613,0.0005516703158156691,0.0005435661419537725,0.000637772570577406,0.0005911275251632159,0.0005863189748400715,0.0005824755413631607,0.0006288976834153351,0.0010018915568888512,0.00010323339878228036,0.007979152527967525,0.20538263873252047,-0.49444861929878314,0.00012191322592564151,1.10346896535448,0.26987616120991276,-0.0425347448640995,-4.536798554022773,5.8438967047713675e-06,0.01071957075097533,0.5979793381125166,0.5498805454122284,0.024669712251911915,1.6260732002084293,0.10399650399814675,0.02177512954096611,1.849971186714111,0.06437610546226757,0.5122384524279511,0.012750105181488062,0.02848661241124267,-0.18506429701593285,0.00025100204543773165,5077.0,687.0,3487899.0,1.0,1.0,1.0,1.0,0.0
kurtosis_60d,-0.0010662481006145745,-1.3794015488907212,-0.017135753508823067,0.9761036874929533,0.010180284724344103,0.0006248454916532191,0.000660314109683902,0.0007032914638722162,0.0007190226522330091,0.0006276188729294922,0.0007041566078892357,0.0006958954588563437,0.0006990703883401646,0.0008065556221887205,0.0008068660186246507,0.00018172227585962818,0.005983348073057084,0.4821300152370382,-0.28135845590678366,0.0001784339321098498,2.399192125711462,0.016459440803278325,0.020577415291434135,3.267148147073284,0.0010920396144196154,0.01853288321260255,1.5689799536908824,0.1167015719884199,-0.013287841928309754,-1.3143528528702488,0.18877413844428959,-0.008118581314094776,-1.0634641627633945,0.28761124706576036,0.49151234567901236,0.007742171798320915,0.6826855991909514,-0.048250082952817186,0.005122497327914485,6491.0,688.0,4465808.0,1.0,1.0,1.0,1.0,0.0
roa,0.00697584993559493,4.191819101054339,0.06248100778037498,0.9991117105364921,0.012610442476212326,0.0011073619060292333,0.0006932606740903786,0.0006196756327514381,0.0005832900765511471,0.0006133320309232343,0.0005465701383475933,0.000579961287293655,0.000610538848511367,0.0006277983595152562,0.0006720168505439336,-0.0004346710371475088,0.010162346825365603,-0.6789956018097933,-0.9128059041288562,-0.0004181508981860041,-2.8024068196440197,0.005094065791155122,-0.02845231769322533,-2.3180664843264767,0.020490493045639546,-0.020077978814986693,-0.8543813920574996,0.3929393557363481,0.0189048440414983,0.9708567962303758,0.3316719722520123,0.050063893172851634,3.2677381567292483,0.0010922752423370152,0.5267718284825594,0.009754549044581791,-1.165229453526377,-0.39120157678366163,0.0045031106998575455,4512.0,688.0,3104256.0,1.0,1.0,1.0,1.0,0.0
book_to_price,-0.006047338095291318,-3.543283481744515,-0.05281428359713067,0.9991434478465425,0.012082397664451737,0.000735292529827663,0.0006739218447585701,0.0006062525684088439,0.0006795218305843916,0.000590742057496122,0.0005976772681997339,0.0005559847718371051,0.0005227013345462084,0.0006865325205538564,0.0010087456203693283,0.0002712884881312524,0.009887904269873618,0.43553933385269256,-0.4523462805103312,0.00023309589304304062,1.6038537506191959,0.10881673656003388,0.05148366749095584,4.306353828333789,1.6951527866959637e-05,0.0016854929359078922,0.07363609025206479,0.9413032384049469,0.04898602666039001,2.5827732868844633,0.009832374891983964,-0.05201461977273918,-3.485620118129746,0.0004957028963468169,0.4643412574983337,-0.012414353887990653,1.3585723349199512,-0.11073068490353588,-0.009765452017934158,4503.0,688.0,3098064.0,1.0,1.0,1.0,1.0,0.0
leverage,0.0004031192529018667,0.36081171943394774,0.0053780660151896,0.9996054226980743,0.010505362682007078,0.0008102788269970487,0.0006143914706279477,0.000632690217105715,0.0005347019825910084,0.0006212149340327008,0.0006333803417167282,0.0006213092112404561,0.0006704515264841903,0.0006479556369653778,0.0008687529975352884,5.756561807379547e-05,0.006824602219779145,0.13390170262194417,-0.3127471093249553,5.244147705181012e-05,0.5143060009501195,0.6070634182287469,0.01754793382041685,2.0921015222199797,0.03648554825439443,-0.003864673633188222,-0.24065403220419135,0.8098342733344408,0.013484131313677197,1.0133362490986646,0.310954265754128,0.0005912074260925224,0.05646912260599095,0.9549706093728272,0.5003332592757165,-0.0015173446019387745,0.03619593533101558,-0.10563611289233532,0.006265662476634277,4512.0,688.0,3104256.0,1.0,1.0,1.0,1.0,0.0
sales_growth,0.003842690338398617,2.942320704079564,0.043856654681905013,0.9978394715920338,0.011039089050215339,0.0007238918061696371,0.0006826581279958757,0.0006444665435155857,0.0006285123812772205,0.0006027564221725956,0.0006150825247551728,0.0006015910660917887,0.0006308960835542609,0.0006582974034584706,0.0008682957911783744,0.00014605632879092088,0.00769486580055196,0.30131420097811784,-0.37011503117507116,0.00012391456036660515,1.0913744675252914,0.2751667938366156,0.005951472474131638,0.6372149692282606,0.5240173677115401,0.04392384115899121,2.456322596980272,0.014074363549303914,-0.015017433852651823,-1.0135171587092926,0.31086790115707785,0.019240519799401862,1.6504133680314024,0.09892846904526809,0.5232170628749166,0.011321906490324123,0.7101746506826074,-0.1563905512067505,0.010657009204179963,4512.0,688.0,3104256.0,1.0,1.0,1.0,1.0,0.0
analyst_revision_eps_30d,0.008106035732906506,3.298805708414236,0.1263177990877491,0.9771296758359448,0.013412206277787483,0.001424320608080739,0.0017631548295634091,0.0013594453662100143,0.0014438857667195498,0.0015098910276540596,0.0012239037060302843,0.0018506723720848393,0.0012428054696908579,0.0016581126136427484,0.0015805412158253333,0.00014448804118533494,0.0057299622961187804,0.4002952249701819,-0.13069325427282175,0.0001340869883471685,0.5976991762982042,0.5502435412305648,0.004701496005746923,0.2331965148815359,0.8156803571376106,-0.036822323902621384,-1.0650174190750403,0.2872534258819015,0.011558985046068608,0.5136911317659547,0.607638074592864,-0.016153120587419363,-0.8591607571923033,0.390560493079416,0.5425219941348973,0.01811115687065042,0.6136831539270556,-0.05818379380091998,0.009800207036867726,682.0,673.0,458986.0,1.0,1.0,1.0,1.0,0.0
sales_growth_accel,0.004091286808132633,4.030508749236492,0.060076602174119004,0.9934273373047836,0.010097437602057962,0.000713003434458015,0.0005607803508319467,0.0006291658346976179,0.000681024514421757,0.0006260888641393979,0.0006200367175566294,0.0006418748943297436,0.0006960865701883196,0.0007274698108224252,0.0007597636425291689,4.659909372014988e-05,0.006654079870616429,0.11117054411890023,-0.3978596042347925,7.701902635094885e-05,0.7895964446416606,0.4298052447881311,-0.03207607100956276,-3.997591542009333,6.501910887224405e-05,0.03741793313120661,2.435682057110823,0.01490244987062761,-0.016464807868397855,-1.2934443742924717,0.1959240527111601,0.007452381052609654,0.7440921040854157,0.4568597545295465,0.5245500999777827,0.018536908705877823,-0.16373481203620588,-0.13405860090320287,0.009114299849910728,4512.0,688.0,3104256.0,1.0,1.0,1.0,1.0,0.0
asset_growth,0.0018573507691984608,1.6526444089284242,0.024633431377436614,0.9978722843223525,0.01016438496925691,0.0008307912030389228,0.0007667486719371939,0.0005807159954276959,0.0006056366285794157,0.0006148778393107261,0.0005801720043913924,0.000595276551955057,0.0006736083398687808,0.0006708387960551712,0.0007374485776383654,-9.304999473980444e-05,0.007763802108033421,-0.19025766665741328,-0.5273649730227883,-8.439777766698406e-05,-0.7479318473011863,0.4545404986986121,0.02255608418072557,2.4299918277381733,0.015138161626118363,-0.0014633127315313655,-0.08233828338634196,0.9343813879154332,-0.043246195485289914,-2.936722097689611,0.0033338916810905506,0.014676181801346068,1.2666848637663548,0.20533380043665694,0.5187736058653633,0.009617748683304632,-0.725499478732047,-0.20344297793144805,0.005039522117071079,4512.0,688.0,3104256.0,1.0,1.0,1.0,1.0,0.0
earnings_surprise,0.002916405037391868,0.3907774920841882,0.006981509670582472,,0.03623759259787212,0.0006417394010342882,0.0007996883984640761,0.0010019130153020852,0.0001716655044366882,0.0006026587958512997,0.0005416365773240419,0.0013483430713415471,0.0012697060458785692,0.001270223207891713,0.0008459289012422204,-5.763612357247276e-06,0.023395907424328323,-0.0039107057505617165,-0.822496829146368,2.5809520599875216e-06,0.00616749644243677,0.9950794750528065,-0.011223546884422434,-0.31271567949983775,0.7545175684546777,-0.15318913678040186,-2.323294204011068,0.02022728161513032,-0.05691002912922798,-0.9934167129319089,0.32058390719687235,-0.042595190667575895,-1.0105441668464927,0.31231296173463696,0.5094158953080115,0.030322534171439285,0.1419133872577243,-0.3547525583394123,0.006815071773420092,3619.0,680.0,59074.0,0.024004843716983894,0.024004843716983894,0.014705882352941176,0.0029411764705882353,0.0
turnover,-0.007629555115851862,-5.681960567788408,-0.07982990688669113,0.8573124305996965,0.01161080973386621,0.0008910230998841458,0.0006419822816543142,0.0006095491178694385,0.0005888324834924884,0.0005121873202835706,0.0005759112866866728,0.000581656028384392,0.0006599948714008571,0.0006430371060975456,0.0009175330713563344,2.31402748406769e-05,0.010310841635969894,0.03562662369938933,-0.5389368207355119,2.7938544762205785e-06,0.019465977886517962,0.9844701469338135,0.02289954942752218,1.8801640539107525,0.06014325837630907,0.02248245765647078,0.9654187107181256,0.3343813802902118,0.0149435236710056,0.7582146447106421,0.4483578911692452,-0.041527383738113356,-2.7158259416838657,0.006633577981115524,0.4656533754441374,-0.014376159759885395,1.1492326696259199,-0.21654657542927325,-0.009418661295514894,5068.0,688.0,3486784.0,1.0,1.0,1.0,1.0,0.0
industry_momentum,-0.0035726146296958987,-2.2948989085906364,-0.02872216152657275,0.00048536966164689036,0.011263867430820926,0.0007660850298668943,0.0006190911488850404,0.0006494593688612729,0.0006746776593560202,0.0006095367547234851,0.0006583193744934988,-0.0007824823787793545,-0.0014787997188851658,0.0036480059171762223,,-0.0001875945615026557,0.008802095061900096,-0.3383252874824757,-0.8434669999724516,-0.000203607785455622,-1.8510420000112,0.06420979861132103,0.008344860342865855,0.8836266111652408,0.3769311771246051,0.018784584895831683,1.0446063169740483,0.29624462250854955,-0.012190726917163512,-0.8158217530243917,0.414632613093346,-0.011667310375729925,-1.0138835619574413,0.31067684823835795,0.4899749373433584,0.01769476541752234,0.35026142114806647,-0.157983945650497,-0.00501184158436502,6395.0,688.0,4399760.0,1.0,1.0,1.0,1.0,0.0
size_log_total_assets,-0.001649704819601795,-1.1485270423937937,-0.01613647362688942,0.9998474442347833,0.010118414476597197,0.0011122074584226525,0.0007548357613143783,0.0007055872862468536,0.0006462689427026465,0.0006028759848834784,0.0005614832833701945,0.0005942180824307846,0.0005321775701482134,0.0005800531612297475,0.0005310000585322652,-0.0005815922780582931,0.008443872226468696,-1.093395416871169,-0.9662884091391561,-0.0005714804799651382,-4.886475042071662,1.0583342866521406e-06,-0.010661038755078348,-1.074212421266184,0.28277883021227623,-0.0017027635508641465,-0.08973215798194101,0.9285036204965706,0.03745790959233581,2.3324080377845564,0.019718345657864234,0.01673569808139272,1.3431763410402298,0.1792752627579648,0.491512041058034,0.03404147387090319,-0.3447836120258384,-0.2116455193789939,0.02451952065496902,5077.0,688.0,3492976.0,1.0,1.0,1.0,1.0,0.0
coskewness_252d,-0.001622024274189453,-1.0663457652219752,-0.013344969875865541,0.9917545566473737,0.012438368425523108,0.0011138411623028838,0.0007333315411703508,0.0006479286865514897,0.000619702780235613,0.000700631586936654,0.0006099246505864113,0.0005844292974280072,0.0006279478375487337,0.0005982611923549616,0.0006729809564891465,-0.00044288218791873436,0.011617608592276151,-0.605162131273131,-0.9672875962921481,-0.0004217714246265483,-2.904851008268533,0.003686927300378784,-0.002577356339350743,-0.20674746183011558,0.8362137000006955,-0.03983134570560222,-1.678116973764133,0.09337334265337383,-0.006738313845257931,-0.3416074112237206,0.7326576325254606,0.006281974856513079,0.41352935832256843,0.6792327446970172,0.489584964761159,-0.012349703621419367,0.40009911300841805,-0.1274286983384254,0.006444916938092249,6396.0,688.0,4400448.0,1.0,1.0,1.0,1.0,0.0
max_daily_return_1m,-0.007090386082002583,-4.15790540288562,-0.05161616301788396,0.9606344748927929,0.01296027891102997,0.0006105300165534678,0.0005885481754862679,0.0005593443386358731,0.0005775853301386326,0.0005994855719346862,0.0005475891492502812,0.0006920990781146541,0.0007191659282857073,0.0008142059580290988,0.0012897261725718747,0.0006766099445344972,0.013054042795654877,0.8227987340875025,-0.49942590923239005,0.0006751427715206599,4.189665546892455,2.830809592779815e-05,0.01898865028185428,1.3916417241116483,0.16407875094455604,0.07624625262921773,2.9845681767147663,0.0028504040382062446,-0.036755573226494635,-1.677810774266954,0.09343233648178995,-0.04250589494089916,-2.56992806998158,0.010194142139569484,0.4792726151949453,-0.01335578360030417,1.2290669730300126,-0.22129756309425075,-0.005900213844783427,6500.0,688.0,4472000.0,1.0,1.0,1.0,1.0,0.0
size_log_enterprise_value,0.0011402625745477088,0.7170050912388638,0.010073714695482464,0.9995876144206154,0.010538410010551552,0.0011952386618981504,0.000741895612664666,0.000758358002243806,0.0006403220278037869,0.0005524601377394207,0.0005830201868878832,0.0005390502255783768,0.0005655455849432587,0.000539367411073976,0.0005016896279141882,-0.0006947154192085938,0.009563646891504839,-1.1531443509194896,-0.978548138819989,-0.0006840962385345955,-5.152375014325525,2.6700036093174617e-07,-0.017417053840281214,-1.5458285392582705,0.12220866734057201,-0.0012622171084915351,-0.05859004188620645,0.9532809615664983,0.013437733191947934,0.737026299273852,0.4611406090125514,0.033439344136325294,2.3639752795382836,0.018117674609915202,0.4974338728780103,0.035945230667940295,-0.6267070187308693,-0.303373274711914,0.026547510693805152,5077.0,688.0,3492976.0,1.0,1.0,1.0,1.0,0.0
size_log_revenue,0.0014692754929985703,1.0799106961856904,0.015172433756610999,0.9997293770232132,0.009988062307638506,0.0011078066146606477,0.0007080171388983369,0.0006363475389489247,0.0006008686828639975,0.0006302620308860483,0.0005828547156632529,0.0006246979865945632,0.000555525594874643,0.0006078531259710963,0.0005660834508349887,-0.0005428008448461544,0.008214200322110217,-1.0490000174695602,-0.959350675936228,-0.0005332044866374541,-4.699723167947955,2.6744004020251566e-06,0.001727512302798043,0.17943038729453895,0.8576069743319716,-0.006776472005739848,-0.36811338868353266,0.7128041226495991,0.05228376726114094,3.3559235813103014,0.0007968461557257278,0.018086415803990192,1.496324923558854,0.13463151890466518,0.509474930911962,0.03523116873676954,-0.5626606662924922,-0.2305147787739954,0.024941800436191562,5077.0,688.0,3492976.0,1.0,1.0,1.0,1.0,0.0
