name,mean_ic,ic_tstat,mean_autocorr,avg_decile_spread,avg_decile_0,avg_decile_1,avg_decile_2,avg_decile_3,avg_decile_4,avg_decile_5,avg_decile_6,avg_decile_7,avg_decile_8,avg_decile_9,ic_ir,ls_return_mean,ls_return_std,ls_sharpe,ls_max_drawdown,ff_alpha,ff_beta_mktrf,ff_beta_smb,ff_beta_hml,ff_beta_umd,ff_t_alpha,ff_p_alpha,ff_t_mktrf,ff_p_mktrf,ff_t_smb,ff_p_smb,ff_t_hml,ff_p_hml,ff_t_umd,ff_p_umd,ic_hit_rate,recent_ic_mean_60d,ls_sharpe_last_yr,ls_max_drawdown_last_yr
momentum_12m,0.010489772491849816,5.182124199205676,0.992425261535035,0.014020930797134299,0.0010029844381435557,0.0006477996636748216,0.0006300749397941582,0.0006435987459764709,0.0006182952026328626,0.0006063406025559389,0.0005628187066608905,0.00062646790759743,0.0006193604402169162,0.0008185618234868787,0.06561754011410206,-0.00018410697482786322,0.014405563142435702,-0.20288048382866425,-0.9172728115855876,-0.00017699968098044627,-0.04712775349496205,0.01983368510580592,-0.008690052003648094,0.13585452253560273,-0.977738499760118,0.328241706377989,-3.011807301240164,0.002607416015435904,0.6699206544368167,0.5029332449541002,-0.3459236562892738,0.7294117910567954,7.106266098721858,1.325606291402437e-12,0.5385602052268719,0.04396542703087529,-0.5747597127065099,-0.24287074540656295
volatility_60d,-0.008328661392974543,-3.6554697786486567,0.9950520053920383,0.015276539319906898,0.0005245789727928453,0.0005600120915633682,0.0005656079951766297,0.0005551993488760561,0.0006320325621698737,0.0006205120651427774,0.0006300741361291278,0.0007384016334411766,0.0008345051585738482,0.0013828616816079994,-0.04541043841530281,0.0008546175009384768,0.016911234122994556,0.8022260316858534,-0.62785523080127,0.0008572734250687533,0.040851062024434434,0.07188062734961216,-0.06949576628071122,-0.07700465509889083,4.100218309765938,4.1782242785615153e-05,2.307179557538025,0.021076270206688896,2.1646431074800416,0.0304515245454966,-2.445208547326892,0.014503351974787249,-3.588060297746706,0.0003356134735097438,0.48487654320987655,-0.024055834907377335,1.7063728933126825,-0.253352090183682
residual_momentum_12m,0.01129124868767949,6.00915032609393,0.9921432794575249,0.013140673338337136,0.000772573528707149,0.0006449572981373386,0.0005668610664044546,0.0006158560449346233,0.0006545205995751293,0.0006742330727497388,0.0006259345931528712,0.0005829573565808721,0.0006746546336460371,0.001053037376245405,0.07759072999222291,0.0002792410764992261,0.012487891758263963,0.3549690172940553,-0.7462236851281956,0.0002931523428616892,-0.02217222455262674,-0.009727707293811488,-0.04667956325873532,0.11183939352023874,1.8337011218398696,0.06674804273258195,-1.6082886848386126,0.10782475677856262,-0.37175122658001686,0.710091252007123,-2.046188409444194,0.040781479113821906,6.421370806027705,1.4544832005469743e-10,0.5436812270756919,0.042796715950148105,0.3229348467299529,-0.1481054976329238
ivol_60d,-0.007893615493145502,-4.268307110237046,0.9942973569429213,0.01413451089506604,0.0005322822742151017,0.0005420066282214344,0.0005908491561562514,0.0005586998520060409,0.0006095504694027182,0.0006090909613197837,0.0006271965473905324,0.0006574944497036514,0.0008640833642285501,0.0013648880946045179,-0.05313840084771878,0.000830783980718373,0.014931451482395691,0.8832555128837725,-0.5179214053077941,0.0008269388477106602,0.05912131845324064,0.05696276606956936,-0.05262618124740195,-0.08888345833277539,4.48344026428082,7.4723395235842816e-06,3.774753385655691,0.0001616073758474723,1.919334730063076,0.05498616641254883,-2.0995849857064592,0.0358042153747109,-4.6774214031679815,2.964403741589905e-06,0.48078115313081216,-0.02018989410440843,1.7132280767802675,-0.20877996115686337
downside_vol_60d,-0.007701166681844735,-3.375282381721544,0.9955417598874695,0.014982974204179753,0.0005371407409771953,0.0005217450844439327,0.0005280111524278143,0.0005867841314112161,0.000588443124316331,0.0006167893809736747,0.0007482151781745604,0.0007141600701402567,0.0008509075134047066,0.0013464772407638854,-0.04192654754494706,0.0008050767378807586,0.016810450735064042,0.7602530836294699,-0.5858196135235708,0.000805050944993592,0.04507061174420657,0.08330327983062792,-0.04692831908312094,-0.09830164492808587,3.872661518559089,0.00010871576904203373,2.560055593674465,0.0104880789977988,2.523110067996594,0.011655989653746257,-1.6605754709616563,0.09684724677517131,-4.606506477139256,4.173411609853517e-06,0.4823329733065885,-0.02597894246027416,1.4023767891862589,-0.23444591165329398
mean_reversion_5d,0.007167423454780053,4.828133470956319,0.7433202669336996,0.012669358622774725,0.0005483989291231726,0.0005386426385526549,0.0004067784850249605,0.0005559641396742965,0.0005965335422159541,0.0006356549899156081,0.0006877067510536802,0.0007582855191264671,0.0008708803400283382,0.0013709454565435566,0.059862605710020216,0.0008172985066568095,0.01230107970850081,1.0547213643485562,-0.47866932700711706,0.000829765766747113,-0.016697857580920007,-0.002844821061312359,-0.03384489070949082,-0.07378423503016923,5.458522197235791,4.9789701694891164e-08,-1.2985678456756622,0.19413843852059154,-0.11852270358574608,0.9056571767776691,-1.6364777711298384,0.10178814353924248,-4.730649259645353,2.285411254243641e-06,0.5168332052267487,-0.018422391062048137,0.2315329960500891,-0.1738017412777788
high52w_proximity,0.007046151042232451,3.4398609401294085,0.9826367817318273,0.014619952823711913,0.001271055307705269,0.0008145105371308365,0.0007782502250886292,0.0006508771333716349,0.0006711230347022201,0.0006492097965919489,0.0005584973589332066,0.0005739135624988843,0.0005612232663818198,0.00038790343324267214,0.04304873908664863,-0.0008902441540959312,0.0157824319416915,-0.8954379071243916,-0.998720362495646,-0.0008935355972035464,-0.03526073675576074,-0.08040937414613883,0.0032839233459699374,0.1623364505043686,-4.55973941661426,5.217546913183213e-06,-2.095745572775078,0.0361441537597178,-2.510067429665208,0.012095416192303698,0.12335322720283308,0.9018312869231524,7.9178570234021874,2.886579864025407e-15,0.5375097885669538,0.04546253761233767,-0.8500189131879712,-0.32323050942705633
dollar_volume_20d,-0.0042881202628469286,-3.9726670656985594,0.9991780113064902,0.011641267450839536,0.0010646333396004963,0.0008544066955060495,0.0008658147696034199,0.0007868963886497164,0.000663592325253253,0.0006534976113696763,0.0006986188753594568,0.0005486028683711098,0.00046783864898140463,0.00034845330099938956,-0.04927108057316123,-0.0007155591044095619,0.007145585155782167,-1.5896736774066793,-0.9926880175910608,-0.0007021682899888855,-0.023488520043465327,-0.0021928908073907,0.03747213573866646,0.010228682161935653,-8.066637521404163,8.881784197001252e-16,-3.1894775318578907,0.0014320878134521653,-0.15958361882253533,0.8732140552403471,3.1646474510146168,0.0015598918442070175,1.1453368275015616,0.2521119341819982,0.47285033071835103,0.031712292242860034,0.1612001238768035,-0.11303610294651811
amihud_illiq_20d,0.0014398770475195426,1.0319981308151895,0.9954301675934225,0.015214108072453793,0.0005633397111759365,0.0006378938544235317,0.0007273871595584046,0.0006803842231767608,0.0005838938545218197,0.0005535001534090886,0.0005444062647225808,0.0006004764902532656,0.0007538501020758787,0.001306560905966385,0.012800361425222126,0.0007426121304924475,0.009698050350268755,1.2155641269536699,-0.3396135913901551,0.000737325684135686,0.004663735372814816,0.002134184728080458,-0.006922458595445371,0.00040155679062081574,6.16407780678948,7.515521538437042e-10,0.46086990839480274,0.644907404057455,0.11289941491567583,0.9101137963220363,-0.4254651152623502,0.6705117713487196,0.032719363541024865,0.9738993896797541,0.5012307692307693,-0.00971399563535936,2.1415633270227117,-0.09817345695109181
amihud_illiq_log_20d,0.0014037038910602957,1.0471819893574028,0.9946833402810025,0.01474831719716144,0.0006743653070041672,0.0006528447512141812,0.0006085646812845278,0.000603836259969657,0.0006032992338816041,0.0005612113826090236,0.000597689069143279,0.0005981576951047646,0.0008084069948378314,0.0013059728630603958,0.01299869685796696,0.0006283840694452294,0.009495196077651731,1.0505615441685445,-0.3087952479717807,0.0006237415678904176,-0.0025191593855514193,0.01833488712643815,0.027415590421960047,-0.01903408335967253,5.3279703818777815,1.0266848304851806e-07,-0.2541150914021452,0.7994147173871191,0.9882517786926329,0.323066299434148,1.7224977264955432,0.08502716766299478,-1.5840190408305694,0.11323824487957257,0.5024653312788906,-0.01301324010501206,1.8625450570203337,-0.09824720852581015
amihud_illiq_252d,0.0018345373775138466,1.3277901852598517,0.9992265583780356,0.014860626742335204,0.0006493060493377119,0.0005814848669573741,0.0007321784599503625,0.0006403199820535191,0.0005040528095262497,0.00048793696278163123,0.0006372414961139347,0.0006674407476411753,0.0007157776909367145,0.00130233286223265,0.01661816301871548,0.0006488142421820577,0.009528939575239028,1.0808764931311874,-0.3274570177327434,0.0006461702210592289,-0.010792709045778441,-0.028145421859756076,-0.00987554247101596,0.00202862292876009,5.451266113863899,5.189078100542588e-08,-1.060495266195612,0.28895957495218494,-1.4524037418457316,0.14643866049045529,-0.6132749004618513,0.539716496457944,0.16358640628852456,0.8700619396495639,0.5117481203007519,-0.0049361305402693826,1.2634151322223126,-0.09567446339041441
efficiency_ratio_252d,0.01109957021132581,5.664555579058738,0.9924811597528359,0.012284539290715955,0.0007893870156950106,0.0006741925794659018,0.0007277854209540698,0.0007491648303852372,0.0007046642505674918,0.0005845435171779727,0.0006973043363253279,0.0006298125648334434,0.0005694389730906662,0.0006808459626300261,0.07160577720783057,-0.00011018481432411044,0.011578707385993942,-0.15106433243665504,-0.8381880996207388,-0.0001000554680291825,-0.031390384208306754,-0.03925782005923445,0.003776163791296947,0.13561427666664708,-0.6918499431412158,0.4890573096503039,-2.5112816238585576,0.01205443152364638,-1.6597373593844487,0.09701754904059623,0.18990337442007366,0.8493910251392522,8.968493113056402,0.0,0.5437839565356344,0.044971830245320664,0.04383435573194975,-0.15717298523124867
profitability_roe,0.006697312214575362,5.236788434534525,0.9985024825373779,0.01067684827791103,0.0009624115610122731,0.0005901331638044986,0.0005518647093828693,0.000613780026605409,0.0006049812990392872,0.0006126236555124214,0.0006221642630747009,0.000687735964049028,0.000643053210218469,0.0007645264707350764,0.0780567603311009,-0.00019768911639728062,0.008099964854503525,-0.38743593209580496,-0.7550304416794449,-0.00017028745934172498,-0.022421072919687302,-0.0104624871717574,0.02943350112837714,0.05137121411243876,-1.4331418191803185,0.15188704488829585,-2.293892098426191,0.021842735266272895,-0.5590814511683626,0.5761340598954292,1.8981579871118825,0.05773944269276354,4.210666218329857,2.5961148826914027e-05,0.5323261497445012,0.004405293363071925,-0.9691034128098334,-0.2169372291982642
size_log_mktcap,0.002629894522767027,1.5083661347086994,0.9994939295785117,0.011133708492471622,0.001225146603267914,0.0009054331940610996,0.0007214220996087807,0.0006148246604028475,0.0005303520633844746,0.0005452290135453259,0.0005191196759411577,0.000567333453118048,0.0004938017295824627,0.0004974112190951972,0.021192109070144776,-0.0007291181660438522,0.010764145194179982,-1.0752727553923462,-0.9829780656385083,-0.000717059673611107,-0.022510793985965154,-0.029474694145691278,0.017712132522468095,0.06134531428021292,-4.791381050001314,1.703839852540412e-06,-1.7725258962869628,0.07636759924823555,-1.213819756701427,0.22487334645098445,0.8618723990144218,0.3887986778628192,3.8475274278191858,0.00012078824745187511,0.5100671140939598,0.038359549453537964,-0.8302564187656954,-0.3146538046660605
earnings_yield,0.0020436653054816296,1.5901379378357114,0.9977894233871332,0.012156622874771393,0.0011484429148534514,0.0007029176137923548,0.0005921261355335842,0.0005203101927841475,0.0005885120675228496,0.0006440456365703627,0.0005751679930324236,0.0005557539836985794,0.0006061356085065835,0.0006865714514720187,0.022340979315143155,-0.00046124616623221393,0.008651400361412659,-0.8463434343938722,-0.9358376722480126,-0.000447471414798732,-0.039000801174861224,0.002881767559335423,-0.0030046186917927855,0.05439868103217853,-3.746393761947387,0.00018139643935310978,-3.8478489645472562,0.00012063033459464023,0.14869848906687008,0.8817974930776276,-0.183191026988454,0.8546554916791842,4.274953658505839,1.947026096882354e-05,0.5003947887879984,0.021745976619491278,-0.26041246555639,-0.30962280742358617
residual_vol_252d,-0.0065868513207814686,-3.321800723986337,0.9992049776665244,0.013952127847667811,0.0005337494266842121,0.0005202144708073841,0.000519979798430642,0.0005334303223874337,0.0005919095354115523,0.0005865881638940695,0.0005721567637606854,0.000687078069596187,0.000824879391157727,0.0014461618896126037,-0.041984250907469656,0.0009131828579493429,0.014564793538022326,0.9952992758959136,-0.46440479020792835,0.0009032189981979007,0.05826899359197446,0.029661683381934843,-0.0354730928345275,-0.08939768861323241,4.943946375749816,7.855685144608771e-07,3.693185987444264,0.00022335390548167133,0.9925335623172452,0.3209757886141549,-1.412661068751171,0.15780526018414864,-4.679946158732627,2.9300760011619076e-06,0.48753993610223645,-0.0250621885608044,1.1334662622051133,-0.27996149983055507
cashflow_yield,-0.0008239855328032933,-0.5376989280714625,0.9986280009295768,0.012224174672659576,0.0008652312012670892,0.0006706658051971029,0.0006392068821647979,0.0005789012531704043,0.0005282862671847353,0.0006073285388308922,0.0005856511077063376,0.0005947302314942989,0.0006971305573138137,0.000887711083700345,-0.008014651896567334,1.993060676543675e-05,0.008866740816269078,0.03568262346174359,-0.6598248394553333,1.9316511401080848e-05,0.00011399974036163949,-0.0018655387499073358,0.06137678012404902,-0.019632515559833422,0.14602594788157566,0.8839074699505425,0.01047647769700215,0.9916415992646075,-0.08954457012966201,0.928653134033937,3.5554073797676695,0.000381289210292568,-1.4454456704889944,0.1484026410153898,0.49233503665852035,-0.008715714303103243,-0.5389282191808525,-0.14990988425718
dividend_yield_ttm,0.0016203354665902821,1.5425824990336952,0.9971012548724769,0.012497246632671943,0.0007861905496574206,0.0007511459795778926,0.0006622581810856945,0.0006903348490027058,0.0006281816902345055,0.0006549196322452602,0.000693987322687985,0.0006099732806937495,0.0006185497203067627,0.0008295943704861586,0.01912455640261598,2.684867492159427e-05,0.007009186822357647,0.06080726795374077,-0.5804564825932308,2.7175019791175382e-05,0.007065185014833214,-0.06842910272415423,0.042630453939863214,-0.014843256878521017,0.3132766310701322,0.7540805730376634,0.9630091424578855,0.33557882518623483,-4.996067670498076,6.004256927205631e-07,3.612259397855488,0.00030583589774368924,-1.668041422419036,0.09535576028856374,0.4935444205348909,-0.01476002601667138,-0.8212868901935675,-0.1531176976954186
beta_252d,-0.006072684766562469,-2.202478398675791,0.9988866733132835,0.01591911897315848,0.0006827993170988789,0.0005661185253616746,0.0006027279353538137,0.0005731089829193304,0.0006002769229048085,0.0005686127284049679,0.0007333261736491864,0.0007168230938207914,0.0008350164087779253,0.0009524396341828574,-0.027654403926681198,0.00026624544630940683,0.018180521757176743,0.23247492499274,-0.7927679971879683,0.0003199166391305301,-0.04669753161429556,0.04154849075875256,-0.053605917095846015,-0.09540070628464782,1.4021637314856823,0.1609154339214065,-2.3844274919656634,0.017135018932447954,1.1139480504887755,0.2653438021756842,-1.7304022441460813,0.08360720893819495,-4.003230893707287,6.319797078457867e-05,0.4912501970676336,-0.003594722672205098,0.9411464829717721,-0.30534901444341855
downside_beta_252d,-0.002267638735297013,-0.9368807473625406,0.9974032327254879,0.014091812245108365,0.0005712580691905697,0.0005461664603924158,0.0005636977072701879,0.000596586227574047,0.000611204081148164,0.0007078750991488051,0.000660850930909396,0.0007289538535994873,0.0008121307120184201,0.001159170854260824,-0.011906081212077469,0.0005855860726663977,0.015740665718723196,0.5905652837752884,-0.5271530265656303,0.000607724517896925,-0.010734382902254815,0.04614136369283151,-0.056963146215816676,-0.07206561534129029,3.0365432739272356,0.0024030644775476784,-0.6197001465179691,0.5354780876687855,1.4094488836248924,0.15875284469400963,-2.0147045937903485,0.04397888391476812,-3.3534259495394325,0.0008029822070079184,0.5048449612403101,0.004287508718979871,1.7177728503450747,-0.25385396494804535
free_cashflow_yield,0.0005374060220891851,0.40833176858332326,0.9983828290729415,0.012106230446863302,0.0010178308061189459,0.0006385643923823737,0.0006559580345529768,0.0006035696073202946,0.0005436538116477819,0.0005915037399886683,0.000594702423603141,0.0006140178342440315,0.0005834279929771305,0.0008118539922459235,0.0060863743865788,-0.00020708265940623318,0.0074612994509859155,-0.4405848240419197,-0.7455075401278406,-0.00020361600723338636,-0.023671454010869935,-0.0013699046799285992,0.028094427152820116,0.01563875306738928,-1.8290823454930725,0.06745366694344379,-2.5849751195327437,0.00976990182163795,-0.07813494890921495,0.9377241940354715,1.9338618729772197,0.053192982264347544,1.3681948338305816,0.1713196664682295,0.49922239502332816,-0.005607396923733663,-1.3594442767496029,-0.2676696077626781
gross_profitability,0.008900881175118471,6.60904348260561,0.9987131733541008,0.011021405676954447,0.0007005955560580911,0.000582786945088846,0.0005910431581315529,0.0005967774474967328,0.0005294778715175853,0.0006743361592741004,0.0006656783725615099,0.0006973033611497945,0.0007517729293010964,0.0008327939304113093,0.09285515440172376,0.0001315909458398289,0.007828462733293361,0.2668392986014692,-0.4031675998581987,0.00016334677373290804,-0.06526332865102975,-0.013700477777418266,0.002933156178202913,0.034069008593770454,1.5162548176124555,0.12951754617432187,-7.138832905315446,1.0749179324420766e-12,-0.7837847843353817,0.43320317663402674,0.19827297759858775,0.8428394767665637,2.9683564097237753,0.003008036951791304,0.5382945124358468,0.00022846915805810724,-0.8784072896770673,-0.2552804340671816
rd_intensity,-0.0013443086968808512,-1.1528546628827183,0.9995804538347737,0.016751231928376957,0.000585755791324181,0.0006974278624403458,0.0006396338817445217,0.0006187585039372542,0.0006343689182774931,0.0006381513137659246,0.0005592262230550214,0.0006208660676746828,0.0006322546233536773,0.0009468771263538665,-0.01718383342045918,0.00031595165098367194,0.008132736482812644,0.6167145559847076,-0.2995360374399332,0.00034606769211148507,-0.04782346213649451,0.048984590620429085,-0.02289033285608344,-0.013021374642077312,2.8604448942696954,0.004250034579917905,-4.805334601026908,1.5954227805536902e-06,2.570784389201058,0.010178826941938723,-1.4498015705131326,0.14718381382159196,-1.0482233898989528,0.2945922045612748,0.491224172406132,0.005123330468973949,2.054335193564787,-0.13849821760961467
accruals,-0.0022487399784485206,-2.8594471369382752,0.998287504779814,0.009821746581962148,0.0010645880455860369,0.0007069381656336049,0.0006704534171939989,0.0006202735932544547,0.0005708651876604776,0.0006115789670494508,0.0005816377389291922,0.0005528897132932993,0.0005855524525453174,0.0006893947947491022,-0.04262138572861457,-0.00037345796055416263,0.006716891267070988,-0.8826198157540383,-0.8405335358852953,-0.0003771903597453512,0.03759686815220954,-0.003280731214688072,0.022856722233931225,0.02012037511702062,-3.917229096982173,9.090570542524823e-05,4.746572819131777,2.1333765682918227e-06,-0.216332953872518,0.8287380666001414,1.8189311766271659,0.06898861636194842,2.0350680854608796,0.04190273361850805,0.48433681404132417,0.003948748391146762,-0.6368105726189196,-0.1990165006259178
net_issuance,-0.0030385582354390517,-2.715137919704201,0.9983713923913861,0.01030755923702329,0.0006982392311043671,0.0006373647935493288,0.0006109114796928894,0.0006073618135231965,0.0006169488700639089,0.0006731220562684324,0.000598234448953164,0.0006294140365440617,0.0006776143384237274,0.0009073033072680553,-0.04047038991810496,0.00020853332003405568,0.007496654865697074,0.4415787959549763,-0.44729626205832695,0.00023031581424964637,0.01776102844369388,0.015908769788005567,-0.016258928089870308,-0.012726920487210658,2.0915212488153756,0.03653750409380341,1.9607251663496252,0.04997292165813727,0.9172944410860706,0.3590377139958143,-1.1313952767109288,0.2579492766536293,-1.1256058354075829,0.26039265271206236,0.48655854254610087,-0.00781385754921183,0.02661418607208832,-0.14725067901679922
net_buyback_yield,0.0027528346514012554,2.324129438952644,0.9971934972275112,0.010719529428422546,0.0008604525501661782,0.0006693223878480368,0.0006421481271927501,0.00064559391447278,0.0007142602051468993,0.0006505901158408051,0.0005967132383500457,0.0005756369354285798,0.0006046493332065514,0.0006954259416515383,0.03464222717084191,-0.00016135150770031642,0.007308021957172416,-0.35048824336499373,-0.6386496116976258,-0.00015948722579524235,-0.02039815573023452,0.007309070612397696,0.0628923840444241,0.0006509876667521923,-1.4664451810471224,0.14259718491037465,-2.2800319004690515,0.022652551175835978,0.42671285732630404,0.6696089746001115,4.431205750211197,9.5943919642405e-06,0.058295787409514445,0.9535156211662672,0.5134414574538991,0.005854721632281179,-0.784893592117549,-0.1963785043710755
investment_to_assets,0.0004158448586040973,0.42984468795087266,0.9954428747543469,0.010892604380129968,0.000781667977757271,0.0007638761888797846,0.0006783003456772727,0.0006215192208508679,0.0006438498069113414,0.0006163996224279269,0.00064786120071554,0.0006015957595273401,0.0006309873566059312,0.000660057443759042,0.006407034426999998,-0.00012217966633283007,0.006304792391753552,-0.3076298082154092,-0.5897031545809637,-0.00013080416837984578,0.02338166122459264,0.008844179340238931,0.003462505815031364,0.010303115405882555,-1.3886027413150575,0.16502256947270455,3.0174625540901165,0.002563327284018424,0.5961391130000223,0.5511123945364869,0.28166369659056956,0.7782143942101987,1.0652449443619285,0.2868224685152436,0.5043323705843146,0.004481044351334136,-0.6429029482613604,-0.07496020378765611
piotroski_fscore,0.010722340126393913,11.409346083944637,0.9935558561185887,0.011443654608555278,0.0006007098613633089,0.0005674952611277123,0.0006121580659435092,0.0006385071103453347,0.0006832925202975817,0.0006690634865595878,0.0007062875936937695,0.0007428838298221968,0.0006486204410966578,0.0007943545860258466,0.16029802119409078,0.000164029072478823,0.007097543653736416,0.3668706989932421,-0.4023628449488488,0.00017206108666445864,-0.030964538604362244,-0.012214236887846841,-1.78609673079218e-05,0.021450859045935734,1.7469042125522813,0.08071476895578655,-3.704651906692218,0.0002139451888412136,-0.7642795730924485,0.4447363782693228,-0.0013205599274508494,0.9989463981090398,2.0442124866379827,0.04098433881214558,0.5704697986577181,0.02739960556248459,-0.10864162613287091,-0.20126176888511682
obv,0.0025268637663899292,3.028282799074188,0.9978365685271361,0.010559053982041301,0.0007463935538340458,0.0007284888378107003,0.0007719456236281578,0.0007758522086561571,0.0007271452837567014,0.0008154562603591636,0.000633460152848441,0.00065335954342261,0.0005572126167709561,0.0006047537120843709,0.03753524837215397,-0.00014484287959075086,0.006773960238975322,-0.3394335588544004,-0.7342398548086453,-0.00015306057978006405,-0.005211700533568344,-0.0018964079473899414,-0.012004768003882027,0.05658201208081135,-1.826920679761505,0.06775759420132066,-0.7358320283880522,0.46185951520024826,-0.14334547189378255,0.8860217947813751,-1.0533378438274015,0.2922253881834387,6.582988054853543,4.971489886429481e-11,0.520356429559072,0.020220724927781396,-0.0977807756627582,-0.10635921344820831
atr_14d,0.0042242756130906915,3.4915276626263236,0.9996669743911643,0.011530396416550247,0.000979556974539377,0.0009184693596275639,0.0006696223813496168,0.0007161109492551282,0.0006818054932143788,0.0006695135295003132,0.0006238254497117439,0.0005764045134500344,0.0005505073205172367,0.0006136509360512413,0.04332040210026707,-0.0003677615737177455,0.00887050361983338,-0.6581400837134288,-0.9406115825245605,-0.00035017913461635885,-0.043435589215028346,-0.010884051818057705,-0.007365010312701404,0.028785640450805845,-3.22269010369113,0.0012762151830769675,-4.723581819376326,2.366111318874431e-06,-0.6330898443608189,0.5266973216885997,-0.49842615045832206,0.6182006306934387,2.5815295938899974,0.009858125439518695,0.5172413793103449,0.027733622581371003,-1.7561717029642603,-0.33059371178590646
hurst_252d,-0.0003431449473224458,-0.340577470097849,0.9803210949783168,0.009571637716600143,0.0005833640454020193,0.0006190588031897858,0.0006173884839443211,0.0006059182563242101,0.0007341465166539229,0.0007252231180978939,0.0005844443817462985,0.0007197062257573994,0.0007878587719977347,0.0008346481352484794,-0.004305247623660093,0.0002479021510622817,0.007619773812515863,0.516462134436145,-0.36427834539186277,0.00024251844126735775,0.04198920668971687,0.006130812468248341,-0.005081307573095522,-0.02752909630910966,2.5227215150348656,0.011669713568765117,5.053472631051465,4.461988034609732e-07,0.38992823389857667,0.6966029238262275,-0.38442427415074,0.7006771118157662,-2.738794728707907,0.006183992175793129,0.4971236816874401,0.01471036242301611,1.0593836746774596,-0.07358816718797845
vwap_dev_21d,-0.00520529273581245,-3.3533129031237663,0.8974229482622168,0.013022303302482963,0.001279492053732617,0.000834164748731788,0.0007034086169607357,0.0006747373652554042,0.0006323179530876743,0.0006809974893584078,0.0005930912123016258,0.000511155773343374,0.0004960761386825447,0.0006071724483724184,-0.04162475896320842,-0.0006731854809813105,0.013026206603272101,-0.8203837493788344,-0.9951103173682495,-0.0006844657537994491,0.008971646834916093,-0.018974747782069853,0.035264876486796125,0.09854261906333334,-4.248819672240677,2.1791461397135947e-05,0.6576675932638748,0.5107751396907005,-0.7432327477818539,0.4573677577182955,1.6101371941735274,0.1074166767712601,5.95952975807894,2.662677633935573e-09,0.5040061633281973,0.028207493068841273,-0.22841522836760955,-0.21974002043278018
benford_chi2_d1,-0.0012616724404596834,-2.29595562196153,0.9925505566984474,0.008228816641559424,0.0006041378794576618,0.0006841865830921797,0.0006179283361942264,0.0007298806042534256,0.0006767630505708021,0.0006919145089126074,0.0006283979202041864,0.0006841843166296435,0.0006199042307626016,0.0006857560681986723,-0.032257514167949315,8.086027403509382e-05,0.004028147874137131,0.31866185064601504,-0.13681215230868304,8.25563405482398e-05,0.006378672044665391,-0.010059586748529165,0.008509854661425483,-0.0037648070712962525,1.4568489948020018,0.1452202652229786,1.3264495666443772,0.18475083535975356,-1.0940665192537562,0.27397800713206943,1.0935860353538276,0.27418875811752885,-0.6235937405979687,0.5329225975995284,0.49388077378602446,0.0025498275424075986,0.005983616098019407,-0.0440975451476151
sue,0.00738837910403248,9.832297339741539,0.9883238428205962,0.009861788172415627,0.0007219647695601077,0.0006901422856426494,0.0006209344922051382,0.0007046233629897136,0.0007192506334270461,0.0007539159759944908,0.0007164298396405067,0.0006959966878998159,0.0006906175321960751,0.0006877665021613458,0.12203915700719604,-3.686607674520192e-05,0.0062138137044056956,-0.09418222900368199,-0.6113897433429523,-2.9923793745316973e-05,-0.009748582467793405,-0.036684422219070895,0.0030361215915589014,0.044032502183498655,-0.39551293785667874,0.6924774092897179,-1.5217312676408659,0.12812527575949217,-3.0593491414056557,0.0022272591021679222,0.29514894812362297,0.7678895650502842,5.6706902370683485,1.4836137873786015e-08,0.5555384378370051,0.01648465990712244,0.42985504523236534,-0.10098582980812165
benford_chi2_d2,0.00021473290234806072,0.37798367415452727,0.9897574701710559,0.00816349579169149,0.0005810392022720123,0.0006627350208237302,0.0006730485362593478,0.0006989989214500654,0.0006473497185026098,0.0006505910667760355,0.0006379526093485667,0.0007202282575122488,0.0006751116176055676,0.0006775357327716358,0.005310561583884787,9.648320825426342e-05,0.0038813495732135275,0.39461105461276935,-0.2499896898972569,9.325344079213537e-05,0.005136203030677739,0.008310928622927417,0.01654700751243071,-0.0007661384040312079,1.7072579871866,0.08783560538310997,1.1080843841878705,0.26787816686963795,0.9377419045788264,0.34842192559313423,2.2060759514216883,0.02742356374986743,-0.13165472120047716,0.8952626476153416,0.5047374654559811,0.0076137334546283715,0.876432149004356,-0.02762395534349571
dividend_growth,0.0023385416265974436,1.8778771352896657,0.9978909194604507,0.01200106383083871,0.0007188366087189489,0.0005828844011072811,0.0006421855876651339,0.0006805514151883061,0.0006758401470156563,0.0006713163504965747,0.0005618960254482503,0.0006202145534408495,0.0005422456219756002,0.0006362904656361548,0.02422109706526601,-8.755297086301087e-05,0.006523815919582597,-0.21304407448384757,-0.6423360616103655,-8.113319713915572e-05,-0.011473993023784436,0.017568830729806112,-0.002441638062012982,0.016361131221010593,-0.962457712820706,0.3358585663704081,-1.5773434468964633,0.11476929986232931,1.2729147476493927,0.20309767218287877,-0.2028773846044118,0.8392377583136621,1.7803076745893816,0.07507627093218194,0.5079021793378805,0.0027266628464531705,-0.09680348886159033,-0.06795338642574256
skewness_60d,-0.0023141140297177677,-2.863817177802361,0.9752474319973384,0.009783280969194855,0.000632148167821465,0.0007141023789587254,0.0006568635337162771,0.000651965671108981,0.0007441264502702705,0.000710724305660179,0.0006686017103659725,0.0006626955447029693,0.0007639484342078143,0.0008428185305044193,-0.03557605491498712,0.0002102022149397342,0.006642742936465273,0.5023311524333198,-0.385853071873441,0.0002107671091190246,0.00628605224311824,-0.007070518485897995,-0.01671613758759383,0.0033950124203074813,2.5498250195084817,0.010800585032609611,0.8979991992551165,0.3692194328249814,-0.5385743003953217,0.5901991756665401,-1.48769332423542,0.13688058195612474,0.40013269579487587,0.6890720098855585,0.4847222222222222,-0.003908823031208433,0.5270882031734705,-0.11707398858980289
ev_to_ebitda_inv,0.003938426583095471,3.2263585417363085,0.9949197439980201,0.011295823554075886,0.0008978889876662511,0.0005958108751793613,0.0005516703158156691,0.0005435661419537725,0.000637772570577406,0.0005911275251632159,0.0005863189748400715,0.0005824755413631607,0.0006288976834153351,0.0010018915568888512,0.045329406794904985,0.00010323339878228036,0.007979152527967525,0.20538263873252047,-0.49444861929878314,0.00012191322592564151,-0.0425347448640995,0.01071957075097533,0.024669712251911915,0.02177512954096611,1.10346896535448,0.26987616120991276,-4.536798554022773,5.8438967047713675e-06,0.5979793381125166,0.5498805454122284,1.6260732002084293,0.10399650399814675,1.849971186714111,0.06437610546226757,0.5122384524279511,0.01275010518148807,0.02848661241124267,-0.18506429701593285
kurtosis_60d,-0.0010662481006145745,-1.3794015488907212,0.9761036874929533,0.010180284724344103,0.0006248454916532191,0.000660314109683902,0.0007032914638722162,0.0007190226522330091,0.0006276188729294922,0.0007041566078892357,0.0006958954588563437,0.0006990703883401646,0.0008065556221887205,0.0008068660186246507,-0.017135753508823067,0.00018172227585962818,0.005983348073057084,0.4821300152370382,-0.28135845590678366,0.0001784339321098498,0.020577415291434135,0.01853288321260255,-0.013287841928309754,-0.008118581314094776,2.399192125711462,0.016459440803278325,3.267148147073284,0.0010920396144196154,1.5689799536908824,0.1167015719884199,-1.3143528528702488,0.18877413844428959,-1.0634641627633945,0.28761124706576036,0.49151234567901236,0.0077421717983209145,0.6826855991909514,-0.048250082952817186
roa,0.00697584993559493,4.191819101054339,0.9991117105364921,0.012610442476212326,0.0011073619060292333,0.0006932606740903786,0.0006196756327514381,0.0005832900765511471,0.0006133320309232343,0.0005465701383475933,0.000579961287293655,0.000610538848511367,0.0006277983595152562,0.0006720168505439336,0.06248100778037498,-0.0004346710371475088,0.010162346825365603,-0.6789956018097933,-0.9128059041288562,-0.0004181508981860041,-0.02845231769322533,-0.020077978814986693,0.0189048440414983,0.050063893172851634,-2.8024068196440197,0.005094065791155122,-2.3180664843264767,0.020490493045639546,-0.8543813920574996,0.3929393557363481,0.9708567962303758,0.3316719722520123,3.2677381567292483,0.0010922752423370152,0.5267718284825594,0.009754549044581791,-1.165229453526377,-0.39120157678366163
book_to_price,-0.006047338095291318,-3.543283481744515,0.9991434478465425,0.012082397664451737,0.000735292529827663,0.0006739218447585701,0.0006062525684088439,0.0006795218305843916,0.000590742057496122,0.0005976772681997339,0.0005559847718371051,0.0005227013345462084,0.0006865325205538564,0.0010087456203693283,-0.05281428359713067,0.0002712884881312524,0.009887904269873618,0.43553933385269256,-0.4523462805103312,0.00023309589304304062,0.05148366749095584,0.0016854929359078922,0.04898602666039001,-0.05201461977273918,1.6038537506191959,0.10881673656003388,4.306353828333789,1.6951527866959637e-05,0.07363609025206479,0.9413032384049469,2.5827732868844633,0.009832374891983964,-3.485620118129746,0.0004957028963468169,0.4643412574983337,-0.01241435388799066,1.3585723349199512,-0.11073068490353588
leverage,0.0004031192529018667,0.36081171943394774,0.9996054226980743,0.010505362682007078,0.0008102788269970487,0.0006143914706279477,0.000632690217105715,0.0005347019825910084,0.0006212149340327008,0.0006333803417167282,0.0006213092112404561,0.0006704515264841903,0.0006479556369653778,0.0008687529975352884,0.0053780660151896,5.756561807379547e-05,0.006824602219779145,0.13390170262194417,-0.3127471093249553,5.244147705181012e-05,0.01754793382041685,-0.003864673633188222,0.013484131313677197,0.0005912074260925224,0.5143060009501195,0.6070634182287469,2.0921015222199797,0.03648554825439443,-0.24065403220419135,0.8098342733344408,1.0133362490986646,0.310954265754128,0.05646912260599095,0.9549706093728272,0.5003332592757165,-0.001517344601938779,0.03619593533101558,-0.10563611289233532
analyst_revision_eps_30d,0.03910368901180131,2.9777524419380694,0.25740912682017336,0.014572424349011851,-0.0014178047886003382,-0.002008308523526973,-0.0024571731430463426,0.00039083712044721286,-0.0015882732059649006,-0.0008505616446786876,0.002032062990105013,0.0002706887695232828,0.00035913015808595496,0.0009950499945666025,0.8258799319266011,0.002363933919897972,0.003933440295457296,9.540322157776124,-0.006393232827078155,0.0027273924548941717,0.0167907738132111,-0.40631937194067347,0.027303172878787807,0.025180378305861045,2.4867133346403265,0.037714931103698834,0.13358688093082827,0.8970285969848693,-2.0522729562883892,0.07424566989211612,0.19085733719091938,0.853391951237493,0.2535288332080074,0.806253477157731,0.7692307692307693,0.03910368901180131,9.540322157776124,-0.006393232827078155
sales_growth,0.003842690338398617,2.942320704079564,0.9978394715920338,0.011039089050215339,0.0007238918061696371,0.0006826581279958757,0.0006444665435155857,0.0006285123812772205,0.0006027564221725956,0.0006150825247551728,0.0006015910660917887,0.0006308960835542609,0.0006582974034584706,0.0008682957911783744,0.043856654681905013,0.00014605632879092088,0.00769486580055196,0.30131420097811784,-0.37011503117507116,0.00012391456036660515,0.005951472474131638,0.04392384115899121,-0.015017433852651823,0.019240519799401862,1.0913744675252914,0.2751667938366156,0.6372149692282606,0.5240173677115401,2.456322596980272,0.014074363549303914,-1.0135171587092926,0.31086790115707785,1.6504133680314024,0.09892846904526809,0.5232170628749166,0.011321906490324126,0.7101746506826074,-0.1563905512067505
sales_growth_accel,0.004091286808132633,4.030508749236492,0.9934273373047836,0.010097437602057962,0.000713003434458015,0.0005607803508319467,0.0006291658346976179,0.000681024514421757,0.0006260888641393979,0.0006200367175566294,0.0006418748943297436,0.0006960865701883196,0.0007274698108224252,0.0007597636425291689,0.060076602174119004,4.659909372014988e-05,0.006654079870616429,0.11117054411890023,-0.3978596042347925,7.701902635094885e-05,-0.03207607100956276,0.03741793313120661,-0.016464807868397855,0.007452381052609654,0.7895964446416606,0.4298052447881311,-3.997591542009333,6.501910887224405e-05,2.435682057110823,0.01490244987062761,-1.2934443742924717,0.1959240527111601,0.7440921040854157,0.4568597545295465,0.5245500999777827,0.01853690870587782,-0.16373481203620588,-0.13405860090320287
asset_growth,0.0018573507691984608,1.6526444089284242,0.9978722843223525,0.01016438496925691,0.0008307912030389228,0.0007667486719371939,0.0005807159954276959,0.0006056366285794157,0.0006148778393107261,0.0005801720043913924,0.000595276551955057,0.0006736083398687808,0.0006708387960551712,0.0007374485776383654,0.024633431377436614,-9.304999473980444e-05,0.007763802108033421,-0.19025766665741328,-0.5273649730227883,-8.439777766698406e-05,0.02255608418072557,-0.0014633127315313655,-0.043246195485289914,0.014676181801346068,-0.7479318473011863,0.4545404986986121,2.4299918277381733,0.015138161626118363,-0.08233828338634196,0.9343813879154332,-2.936722097689611,0.0033338916810905506,1.2666848637663548,0.20533380043665694,0.5187736058653633,0.009617748683304632,-0.725499478732047,-0.20344297793144805
earnings_surprise,0.0032601512947910134,0.42821016089485525,,0.04331288761249204,7.973731189604716e-05,-3.537636750669964e-05,0.0001673246426287426,0.00039762155267121014,0.00022600870332187614,0.00018487532344297307,0.0001908624780811781,0.0009447641786796574,0.001120478265195891,0.0011697263966720121,0.0076187225005191666,-7.79959363898989e-05,0.02854124629212443,-0.04338097548702218,-0.9209718652851374,-6.836607868720294e-05,0.11553588655641735,-0.1653012639427937,-0.03628854122971503,0.0587281789262165,-0.13451788151270042,0.8930016688371953,2.7272521566841568,0.006421828989810585,-2.0540081285695457,0.040057289133410556,-0.5190546299830263,0.603759121119672,1.156838751034668,0.247425994188486,0.5052231718898386,-0.10230019672884265,-1.8543700672191366,-0.7813050540856188
turnover,-0.007629555115851862,-5.681960567788408,0.8573124305996965,0.01161080973386621,0.0008910230998841458,0.0006419822816543142,0.0006095491178694385,0.0005888324834924884,0.0005121873202835706,0.0005759112866866728,0.000581656028384392,0.0006599948714008571,0.0006430371060975456,0.0009175330713563344,-0.07982990688669113,2.31402748406769e-05,0.010310841635969894,0.03562662369938933,-0.5389368207355119,2.7938544762205785e-06,0.02289954942752218,0.02248245765647078,0.0149435236710056,-0.041527383738113356,0.019465977886517962,0.9844701469338135,1.8801640539107525,0.06014325837630907,0.9654187107181256,0.3343813802902118,0.7582146447106421,0.4483578911692452,-2.7158259416838657,0.006633577981115524,0.4656533754441374,-0.014376159759885392,1.1492326696259199,-0.21654657542927325
industry_momentum,-0.0035726146296958987,-2.2948989085906364,0.00048536966164689036,0.011263867430820926,0.0007660850298668943,0.0006190911488850404,0.0006494593688612729,0.0006746776593560202,0.0006095367547234851,0.0006583193744934988,-0.0007824823787793545,-0.0014787997188851658,0.0036480059171762223,,-0.02872216152657275,-0.0001875945615026557,0.008802095061900096,-0.3383252874824757,-0.8434669999724516,-0.000203607785455622,0.008344860342865855,0.018784584895831683,-0.012190726917163512,-0.011667310375729925,-1.8510420000112,0.06420979861132103,0.8836266111652408,0.3769311771246051,1.0446063169740483,0.29624462250854955,-0.8158217530243917,0.414632613093346,-1.0138835619574413,0.31067684823835795,0.4899749373433584,0.017694765417522327,0.35026142114806647,-0.157983945650497
max_daily_return_1m,-0.007090386082002583,-4.15790540288562,0.9606344748927929,0.01296027891102997,0.0006105300165534678,0.0005885481754862679,0.0005593443386358731,0.0005775853301386326,0.0005994855719346862,0.0005475891492502812,0.0006920990781146541,0.0007191659282857073,0.0008142059580290988,0.0012897261725718747,-0.05161616301788396,0.0006766099445344972,0.013054042795654877,0.8227987340875025,-0.49942590923239005,0.0006751427715206599,0.01898865028185428,0.07624625262921773,-0.036755573226494635,-0.04250589494089916,4.189665546892455,2.830809592779815e-05,1.3916417241116483,0.16407875094455604,2.9845681767147663,0.0028504040382062446,-1.677810774266954,0.09343233648178995,-2.56992806998158,0.010194142139569484,0.4792726151949453,-0.013355783600304172,1.2290669730300126,-0.22129756309425075
coskewness_252d,-0.001622024274189453,-1.0663457652219752,0.9917545566473737,0.012438368425523108,0.0011138411623028838,0.0007333315411703508,0.0006479286865514897,0.000619702780235613,0.000700631586936654,0.0006099246505864113,0.0005844292974280072,0.0006279478375487337,0.0005982611923549616,0.0006729809564891465,-0.013344969875865541,-0.00044288218791873436,0.011617608592276151,-0.605162131273131,-0.9672875962921481,-0.0004217714246265483,-0.002577356339350743,-0.03983134570560222,-0.006738313845257931,0.006281974856513079,-2.904851008268533,0.003686927300378784,-0.20674746183011558,0.8362137000006955,-1.678116973764133,0.09337334265337383,-0.3416074112237206,0.7326576325254606,0.41352935832256843,0.6792327446970172,0.489584964761159,-0.012349703621419366,0.40009911300841805,-0.1274286983384254
